{
  "results": [
    {
      "command": "npm",
      "mean": 3.4158937171800003,
      "stddev": 0.03415613840507306,
      "median": 3.4011773211800005,
      "user": 3.3362293800000002,
      "system": 1.5370464199999998,
      "min": 3.3915070431800003,
      "max": 3.4837634541800004,
      "times": [
        3.40054472118,
        3.4837634541800004,
        3.3915070431800003,
        3.4024760461800003,
        3.4011773211800005
      ],
      "exit_codes": [
        0,
        0,
        0,
        0,
        0
      ]
    },
    {
      "command": "vlt",
      "mean": 3.36922385078,
      "stddev": 0.02160952810953242,
      "median": 3.36224351218,
      "user": 3.24441438,
      "system": 1.4938512200000003,
      "min": 3.35191067118,
      "max": 3.4117519681800004,
      "times": [
        3.35191067118,
        3.3577090381800003,
        3.3625040641800004,
        3.4117519681800004,
        3.36224351218
      ],
      "exit_codes": [
        0,
        0,
        0,
        0,
        0
      ]
    },
    {
      "command": "aws",
      "mean": 3.7061229997800007,
      "stddev": 0.06675078715909621,
      "median": 3.70378562018,
      "user": 3.3419779800000002,
      "system": 1.49127642,
      "min": 3.5981677221800004,
      "max": 3.8040260631800002,
      "times": [
        3.8040260631800002,
        3.73418983118,
        3.70378562018,
        3.6904457621800004,
        3.5981677221800004
      ],
      "exit_codes": [
        0,
        0,
        0,
        0,
        0
      ]
    },
    {
      "command": "github",
      "mean": 3.80533544378,
      "stddev": 0.025758482332867847,
      "median": 3.8166498731800003,
      "user": 3.6244109800000004,
      "system": 1.5820776200000002,
      "min": 3.7728910081800002,
      "max": 3.83300031018,
      "times": [
        3.8166498731800003,
        3.7728910081800002,
        3.7760858821800003,
        3.83300031018,
        3.82805014518
      ],
      "exit_codes": [
        0,
        0,
        0,
        0,
        0
      ]
    }
  ]
}