{
  "results": [
    {
      "command": "npm",
      "mean": 3.64436559616,
      "stddev": 0.021478039073840504,
      "median": 3.65317335616,
      "user": 3.6146549,
      "system": 1.64013496,
      "min": 3.61683318916,
      "max": 3.67260930116,
      "times": [
        3.65732480916,
        3.67260930116,
        3.61683318916,
        3.62188732516,
        3.65317335616
      ],
      "exit_codes": [
        0,
        0,
        0,
        0,
        0
      ]
    },
    {
      "command": "vlt",
      "mean": 3.52050565556,
      "stddev": 0.02148705551140066,
      "median": 3.53225797216,
      "user": 3.4715147,
      "system": 1.60801576,
      "min": 3.49388579716,
      "max": 3.54091396016,
      "times": [
        3.54042761916,
        3.53225797216,
        3.54091396016,
        3.49388579716,
        3.49504292916
      ],
      "exit_codes": [
        0,
        0,
        0,
        0,
        0
      ]
    },
    {
      "command": "aws",
      "mean": 3.70653138116,
      "stddev": 0.02706302703325226,
      "median": 3.71151095816,
      "user": 3.5561707,
      "system": 1.5878019599999997,
      "min": 3.67458196416,
      "max": 3.74923318416,
      "times": [
        3.71695862816,
        3.71151095816,
        3.68037217116,
        3.67458196416,
        3.74923318416
      ],
      "exit_codes": [
        0,
        0,
        0,
        0,
        0
      ]
    },
    {
      "command": "github",
      "mean": 4.00103507336,
      "stddev": 0.07404342764446324,
      "median": 3.97327418316,
      "user": 3.8713954999999998,
      "system": 1.66572296,
      "min": 3.91347025316,
      "max": 4.13090615416,
      "times": [
        4.13090615416,
        3.97327418316,
        3.9621269681599998,
        3.91347025316,
        4.02539780816
      ],
      "exit_codes": [
        0,
        0,
        0,
        0,
        0
      ]
    }
  ]
}