{
  "results": [
    {
      "command": "npm",
      "mean": 3.56033278676,
      "stddev": 0.05044090025173869,
      "median": 3.54485647076,
      "user": 3.467693679999999,
      "system": 1.56298008,
      "min": 3.50029275476,
      "max": 3.63449813676,
      "times": [
        3.54485647076,
        3.5199249037600002,
        3.6020916677600003,
        3.50029275476,
        3.63449813676
      ],
      "exit_codes": [
        0,
        0,
        0,
        0,
        0
      ]
    },
    {
      "command": "vlt",
      "mean": 3.47717303436,
      "stddev": 0.04832091887404276,
      "median": 3.4578173047600003,
      "user": 3.36028768,
      "system": 1.5497332799999999,
      "min": 3.43140844176,
      "max": 3.56321150776,
      "times": [
        3.49485743376,
        3.4578173047600003,
        3.43857048376,
        3.43140844176,
        3.56321150776
      ],
      "exit_codes": [
        0,
        0,
        0,
        0,
        0
      ]
    },
    {
      "command": "aws",
      "mean": 4.12035984796,
      "stddev": 0.045885674044619705,
      "median": 4.10956212176,
      "user": 3.4561658799999995,
      "system": 1.5409126800000001,
      "min": 4.05751120376,
      "max": 4.179305396759999,
      "times": [
        4.16564637376,
        4.179305396759999,
        4.10956212176,
        4.08977414376,
        4.05751120376
      ],
      "exit_codes": [
        0,
        0,
        0,
        0,
        0
      ]
    },
    {
      "command": "github",
      "mean": 3.9523061919600004,
      "stddev": 0.028505036918024668,
      "median": 3.93760503776,
      "user": 3.71178468,
      "system": 1.59660648,
      "min": 3.91964903076,
      "max": 3.99353661976,
      "times": [
        3.9784064967600004,
        3.99353661976,
        3.93233377476,
        3.91964903076,
        3.93760503776
      ],
      "exit_codes": [
        0,
        0,
        0,
        0,
        0
      ]
    }
  ]
}