{
  "results": [
    {
      "command": "npm",
      "mean": 3.64076417464,
      "stddev": 0.04451838692423275,
      "median": 3.60915850824,
      "user": 3.565948659999999,
      "system": 1.62023,
      "min": 3.60080107924,
      "max": 3.70603002624,
      "times": [
        3.6049671252400004,
        3.6828641342400004,
        3.70603002624,
        3.60080107924,
        3.60915850824
      ],
      "exit_codes": [
        0,
        0,
        0,
        0,
        0
      ]
    },
    {
      "command": "vlt",
      "mean": 3.7222972046400002,
      "stddev": 0.06194738586945483,
      "median": 3.70685126424,
      "user": 3.7256976599999994,
      "system": 1.6387832,
      "min": 3.65756838724,
      "max": 3.81830030424,
      "times": [
        3.76642692324,
        3.65756838724,
        3.70685126424,
        3.66233914424,
        3.81830030424
      ],
      "exit_codes": [
        0,
        0,
        0,
        0,
        0
      ]
    },
    {
      "command": "aws",
      "mean": 4.51319116584,
      "stddev": 0.12083154027669052,
      "median": 4.47746472124,
      "user": 3.6013870599999995,
      "system": 1.6086760000000002,
      "min": 4.3644479042399995,
      "max": 4.72401548824,
      "times": [
        4.72401548824,
        4.54903523624,
        4.47746472124,
        4.3644479042399995,
        4.45099247924
      ],
      "exit_codes": [
        0,
        0,
        0,
        0,
        0
      ]
    },
    {
      "command": "github",
      "mean": 4.1985462378400005,
      "stddev": 0.041635615038059084,
      "median": 4.18094659024,
      "user": 4.09537486,
      "system": 1.7054542000000001,
      "min": 4.1683271802399995,
      "max": 4.280878244239999,
      "times": [
        4.1683271802399995,
        4.18722843824,
        4.1753507362399995,
        4.18094659024,
        4.280878244239999
      ],
      "exit_codes": [
        0,
        0,
        0,
        0,
        0
      ]
    }
  ]
}