{
  "results": [
    {
      "command": "npm",
      "mean": 3.5134278807199997,
      "stddev": 0.05332995098412247,
      "median": 3.47887783812,
      "user": 3.5029322400000007,
      "system": 1.5565029400000001,
      "min": 3.45471220412,
      "max": 3.58621734212,
      "times": [
        3.56878384412,
        3.58621734212,
        3.47854817512,
        3.45471220412,
        3.47887783812
      ],
      "exit_codes": [
        0,
        0,
        0,
        0,
        0
      ]
    },
    {
      "command": "vlt",
      "mean": 3.4672516703200005,
      "stddev": 0.04531096045671059,
      "median": 3.46019579312,
      "user": 3.39995284,
      "system": 1.5790005399999998,
      "min": 3.4183772331199997,
      "max": 3.5486456621199998,
      "times": [
        3.46019579312,
        3.4183772331199997,
        3.5486456621199998,
        3.43357062712,
        3.47546903612
      ],
      "exit_codes": [
        0,
        0,
        0,
        0,
        0
      ]
    },
    {
      "command": "aws",
      "mean": 3.62018638472,
      "stddev": 0.03180248318449119,
      "median": 3.61282241912,
      "user": 3.4513472399999996,
      "system": 1.5516417399999998,
      "min": 3.58241597412,
      "max": 3.67672454112,
      "times": [
        3.58241597412,
        3.6019431321199997,
        3.62702585712,
        3.67672454112,
        3.61282241912
      ],
      "exit_codes": [
        0,
        0,
        0,
        0,
        0
      ]
    },
    {
      "command": "github",
      "mean": 4.392289267320001,
      "stddev": 0.48368929356966034,
      "median": 4.16426339012,
      "user": 3.8608514400000002,
      "system": 1.59458814,
      "min": 3.88189896312,
      "max": 5.02430055012,
      "times": [
        4.92098269312,
        3.88189896312,
        4.16426339012,
        3.97000074012,
        5.02430055012
      ],
      "exit_codes": [
        0,
        0,
        0,
        0,
        0
      ]
    }
  ]
}