{
  "results": [
    {
      "command": "npm",
      "mean": 5.25871078332,
      "stddev": 3.04328204020284,
      "median": 3.75498682252,
      "user": 3.68907544,
      "system": 1.6327607199999998,
      "min": 3.69774805652,
      "max": 11.34485994852,
      "times": [
        3.79384937952,
        3.7021097095199997,
        3.75498682252,
        11.34485994852,
        3.69774805652
      ],
      "exit_codes": [
        0,
        0,
        0,
        0,
        0
      ]
    },
    {
      "command": "vlt",
      "mean": 3.59722606332,
      "stddev": 0.04393446366560172,
      "median": 3.60657152252,
      "user": 3.54458504,
      "system": 1.58642872,
      "min": 3.5184508005199997,
      "max": 3.64478796652,
      "times": [
        3.60657152252,
        3.58745894252,
        3.5184508005199997,
        3.64478796652,
        3.62886108452
      ],
      "exit_codes": [
        0,
        0,
        0,
        0,
        0
      ]
    },
    {
      "command": "aws",
      "mean": 3.75749792032,
      "stddev": 0.08385150439555589,
      "median": 3.74095091152,
      "user": 3.5485742399999998,
      "system": 1.5547323199999998,
      "min": 3.64300081552,
      "max": 3.87843309352,
      "times": [
        3.87843309352,
        3.82211568452,
        3.74095091152,
        3.70298909652,
        3.64300081552
      ],
      "exit_codes": [
        0,
        0,
        0,
        0,
        0
      ]
    },
    {
      "command": "github",
      "mean": 4.30319595832,
      "stddev": 0.3809085997619895,
      "median": 4.02142332052,
      "user": 3.9338864400000007,
      "system": 1.62927812,
      "min": 3.98589993152,
      "max": 4.916655863520001,
      "times": [
        4.916655863520001,
        4.58664411452,
        4.00535656152,
        3.98589993152,
        4.02142332052
      ],
      "exit_codes": [
        0,
        0,
        0,
        0,
        0
      ]
    }
  ]
}