{
  "results": [
    {
      "command": "npm",
      "mean": 3.55919453022,
      "stddev": 0.03319777548249232,
      "median": 3.57909800602,
      "user": 3.46789334,
      "system": 1.4962961599999998,
      "min": 3.50403940102,
      "max": 3.59192977302,
      "times": [
        3.58278502802,
        3.53812044302,
        3.57909800602,
        3.59192977302,
        3.50403940102
      ],
      "exit_codes": [
        0,
        0,
        0,
        0,
        0
      ]
    },
    {
      "command": "vlt",
      "mean": 0,
      "stddev": 0,
      "median": 0,
      "user": 0,
      "system": 0,
      "min": 0,
      "max": 0,
      "times": [
        0
      ],
      "exit_codes": [
        1
      ]
    },
    {
      "command": "aws",
      "mean": 3.7748754244200002,
      "stddev": 0.0672813014251971,
      "median": 3.7608732040199997,
      "user": 3.4290729399999997,
      "system": 1.5058475599999999,
      "min": 3.68435498402,
      "max": 3.85583006402,
      "times": [
        3.84753831402,
        3.85583006402,
        3.7257805560199997,
        3.7608732040199997,
        3.68435498402
      ],
      "exit_codes": [
        0,
        0,
        0,
        0,
        0
      ]
    },
    {
      "command": "github",
      "mean": 4.11018114722,
      "stddev": 0.19304573391900287,
      "median": 3.98955737902,
      "user": 3.8398031399999994,
      "system": 1.4948161599999998,
      "min": 3.95331479602,
      "max": 4.4705781380200005,
      "times": [
        4.151954407020001,
        4.4705781380200005,
        3.98955737902,
        3.98550101602,
        3.95331479602
      ],
      "exit_codes": [
        0,
        0,
        0,
        0,
        0
      ]
    }
  ]
}