{
  "results": [
    {
      "command": "npm",
      "mean": 28.025150698753333,
      "stddev": 0.33210525492435977,
      "median": 27.92197819342,
      "user": 22.11970064666666,
      "system": 12.557877073333332,
      "min": 27.67992789642,
      "max": 28.47354600642,
      "times": [
        27.67992789642,
        27.92197819342,
        28.47354600642
      ],
      "exit_codes": [
        0,
        0,
        0
      ]
    },
    {
      "command": "vlt",
      "mean": 27.997063139753337,
      "stddev": 0.7247526715096683,
      "median": 28.468113573420002,
      "user": 22.38302498,
      "system": 12.59384074,
      "min": 26.973195821420003,
      "max": 28.549880024420002,
      "times": [
        28.549880024420002,
        26.973195821420003,
        28.468113573420002
      ],
      "exit_codes": [
        0,
        0,
        0
      ]
    },
    {
      "command": "aws",
      "mean": 29.715182577753335,
      "stddev": 0.9264722214725806,
      "median": 29.112579265420003,
      "user": 21.997621646666662,
      "system": 12.672754073333332,
      "min": 29.00892376342,
      "max": 31.02404470442,
      "times": [
        31.02404470442,
        29.00892376342,
        29.112579265420003
      ],
      "exit_codes": [
        0,
        0,
        0
      ]
    },
    {
      "command": "github",
      "mean": 35.28729142375334,
      "stddev": 2.671761136497343,
      "median": 34.93828583542,
      "user": 23.39684998,
      "system": 12.871892406666667,
      "min": 32.203557320419996,
      "max": 38.72003111542,
      "times": [
        32.203557320419996,
        38.72003111542,
        34.93828583542
      ],
      "exit_codes": [
        0,
        0,
        0
      ]
    }
  ]
}