{
  "results": [
    {
      "command": "npm",
      "mean": 81.01562389462,
      "stddev": 1.9655652994015234,
      "median": 80.34586008662001,
      "user": 49.332315179999995,
      "system": 16.192537586666663,
      "min": 79.01411269162,
      "max": 83.68689890562,
      "times": [
        83.68689890562,
        80.34586008662001,
        79.01411269162
      ],
      "exit_codes": [
        0,
        0,
        0
      ]
    },
    {
      "command": "vlt",
      "mean": 65.53253079228666,
      "stddev": 1.2228972701707637,
      "median": 65.22751405962,
      "user": 37.48501851333333,
      "system": 14.690177919999998,
      "min": 64.21077995662,
      "max": 67.15929836062,
      "times": [
        67.15929836062,
        65.22751405962,
        64.21077995662
      ],
      "exit_codes": [
        0,
        0,
        0
      ]
    },
    {
      "command": "aws",
      "mean": 286.56068701895333,
      "stddev": 1.907021771841985,
      "median": 286.05425978662,
      "user": 58.44141651333333,
      "system": 17.356426586666664,
      "min": 284.51983292662,
      "max": 289.10796834362,
      "times": [
        284.51983292662,
        289.10796834362,
        286.05425978662
      ],
      "exit_codes": [
        0,
        0,
        0
      ]
    },
    {
      "command": "github",
      "mean": 0,
      "stddev": 0,
      "median": 0,
      "user": 0,
      "system": 0,
      "min": 0,
      "max": 0,
      "times": [
        0
      ],
      "exit_codes": [
        1
      ]
    }
  ]
}