{
  "results": [
    {
      "command": "npm",
      "mean": 79.41016736971334,
      "stddev": 2.1700805841878186,
      "median": 79.94149142838,
      "user": 50.64381266666666,
      "system": 16.46860138,
      "min": 76.52684499738,
      "max": 81.76216568338,
      "times": [
        76.52684499738,
        79.94149142838,
        81.76216568338
      ],
      "exit_codes": [
        0,
        0,
        0
      ]
    },
    {
      "command": "vlt",
      "mean": 66.70074137438,
      "stddev": 1.9834969810055347,
      "median": 65.41413668438,
      "user": 38.157363333333336,
      "system": 15.094166379999999,
      "min": 65.18536896638,
      "max": 69.50271847238,
      "times": [
        69.50271847238,
        65.41413668438,
        65.18536896638
      ],
      "exit_codes": [
        0,
        0,
        0
      ]
    },
    {
      "command": "aws",
      "mean": 276.6338309247133,
      "stddev": 0.9793538770253396,
      "median": 276.79908034138,
      "user": 59.961189,
      "system": 18.181459713333336,
      "min": 275.36031558438,
      "max": 277.74209684837996,
      "times": [
        276.79908034138,
        277.74209684837996,
        275.36031558438
      ],
      "exit_codes": [
        0,
        0,
        0
      ]
    },
    {
      "command": "github",
      "mean": 0,
      "stddev": 0,
      "median": 0,
      "user": 0,
      "system": 0,
      "min": 0,
      "max": 0,
      "times": [
        0
      ],
      "exit_codes": [
        1
      ]
    }
  ]
}