{
  "results": [
    {
      "command": "npm",
      "mean": 50.46958922191334,
      "stddev": 2.604791763370155,
      "median": 51.850052566580004,
      "user": 24.326270293333334,
      "system": 7.15324054,
      "min": 46.82163022758,
      "max": 52.73708487158,
      "times": [
        46.82163022758,
        52.73708487158,
        51.850052566580004
      ],
      "exit_codes": [
        0,
        0,
        0
      ]
    },
    {
      "command": "vlt",
      "mean": 43.71338484358,
      "stddev": 1.8701106211456584,
      "median": 42.86285108458,
      "user": 19.669877293333332,
      "system": 6.607972539999999,
      "min": 41.96991595158,
      "max": 46.30738749458,
      "times": [
        46.30738749458,
        41.96991595158,
        42.86285108458
      ],
      "exit_codes": [
        0,
        0,
        0
      ]
    },
    {
      "command": "aws",
      "mean": 171.15628141491334,
      "stddev": 1.0275101577276013,
      "median": 170.68585359158,
      "user": 33.05480529333334,
      "system": 8.666776873333331,
      "min": 170.20082789458,
      "max": 172.58216275858,
      "times": [
        172.58216275858,
        170.68585359158,
        170.20082789458
      ],
      "exit_codes": [
        0,
        0,
        0
      ]
    },
    {
      "command": "github",
      "mean": 161.17998907307998,
      "stddev": 3.3401527525000034,
      "median": 161.17998907307998,
      "user": 29.827604293333327,
      "system": 7.5746988733333325,
      "min": 157.83983632058,
      "max": 164.52014182558,
      "times": [
        164.52014182558,
        157.83983632058
      ],
      "exit_codes": [
        0,
        0
      ]
    }
  ]
}