{
  "results": [
    {
      "command": "npm",
      "mean": 15.516500216126666,
      "stddev": 0.2880315807220282,
      "median": 15.578954338459999,
      "user": 14.231308233333332,
      "system": 5.575339266666667,
      "min": 15.13667897946,
      "max": 15.83386733046,
      "times": [
        15.83386733046,
        15.578954338459999,
        15.13667897946
      ],
      "exit_codes": [
        0,
        0,
        0
      ]
    },
    {
      "command": "vlt",
      "mean": 13.989604101460001,
      "stddev": 0.11683388791497032,
      "median": 14.04537190246,
      "user": 12.888274899999999,
      "system": 5.4659466,
      "min": 13.82702535946,
      "max": 14.09641504246,
      "times": [
        13.82702535946,
        14.09641504246,
        14.04537190246
      ],
      "exit_codes": [
        0,
        0,
        0
      ]
    },
    {
      "command": "aws",
      "mean": 29.401568204793335,
      "stddev": 0.1967682959258608,
      "median": 29.34797020546,
      "user": 15.071583233333335,
      "system": 5.762044266666667,
      "min": 29.19188869746,
      "max": 29.66484571146,
      "times": [
        29.66484571146,
        29.19188869746,
        29.34797020546
      ],
      "exit_codes": [
        0,
        0,
        0
      ]
    },
    {
      "command": "github",
      "mean": 24.551407261126666,
      "stddev": 4.174746970454106,
      "median": 23.21475531446,
      "user": 15.796901566666667,
      "system": 5.949583933333333,
      "min": 20.23949332246,
      "max": 30.19997314646,
      "times": [
        30.19997314646,
        23.21475531446,
        20.23949332246
      ],
      "exit_codes": [
        0,
        0,
        0
      ]
    }
  ]
}