{
  "results": [
    {
      "command": "npm",
      "mean": 6.885925704600001,
      "stddev": 0.0741716276099631,
      "median": 6.8721098548,
      "user": 5.97984054,
      "system": 3.2386766199999997,
      "min": 6.7723943548,
      "max": 6.9742751288000004,
      "times": [
        6.8512910878,
        6.7723943548,
        6.8721098548,
        6.9742751288000004,
        6.9595580968
      ],
      "exit_codes": [
        0,
        0,
        0,
        0,
        0
      ]
    },
    {
      "command": "vlt",
      "mean": 6.79710486,
      "stddev": 0.08807737120184411,
      "median": 6.7428516938000005,
      "user": 5.921394139999999,
      "system": 3.17276562,
      "min": 6.7168981838,
      "max": 6.9539879378,
      "times": [
        6.7428516938000005,
        6.7168981838,
        6.9539879378,
        6.8335791878,
        6.7382072968
      ],
      "exit_codes": [
        0,
        0,
        0,
        0,
        0
      ]
    },
    {
      "command": "aws",
      "mean": 7.790886657,
      "stddev": 0.09805593862057926,
      "median": 7.7749163058,
      "user": 6.39103854,
      "system": 3.18002022,
      "min": 7.6612756598,
      "max": 7.9504710998,
      "times": [
        7.7316570758,
        7.6612756598,
        7.8361131438000005,
        7.9504710998,
        7.7749163058
      ],
      "exit_codes": [
        0,
        0,
        0,
        0,
        0
      ]
    },
    {
      "command": "github",
      "mean": 8.2053824686,
      "stddev": 0.37807258498892454,
      "median": 8.0820128448,
      "user": 6.736567340000001,
      "system": 3.28986082,
      "min": 7.8063533968000005,
      "max": 8.9138317488,
      "times": [
        7.8063533968000005,
        8.2149299328,
        8.0097844198,
        8.9138317488,
        8.0820128448
      ],
      "exit_codes": [
        0,
        0,
        0,
        0,
        0
      ]
    }
  ]
}