{
  "results": [
    {
      "command": "npm",
      "mean": 6.47117778524,
      "stddev": 0.44389484479356217,
      "median": 6.45793157744,
      "user": 3.2327316399999995,
      "system": 0.95574002,
      "min": 5.80279120244,
      "max": 7.111803447440001,
      "times": [
        7.111803447440001,
        6.45793157744,
        6.239634678440001,
        6.743728020440001,
        5.80279120244
      ],
      "exit_codes": [
        0,
        0,
        0,
        0,
        0
      ]
    },
    {
      "command": "vlt",
      "mean": 3.8201629824400003,
      "stddev": 0.027344308862608482,
      "median": 3.81295677644,
      "user": 2.3165212399999997,
      "system": 0.6395690199999999,
      "min": 3.78657580144,
      "max": 3.86759949444,
      "times": [
        3.86759949444,
        3.81295677644,
        3.78657580144,
        3.8048781474399997,
        3.82880469244
      ],
      "exit_codes": [
        0,
        0,
        0,
        0,
        0
      ]
    },
    {
      "command": "aws",
      "mean": 22.08079814084,
      "stddev": 0.27420246960893885,
      "median": 22.17674238144,
      "user": 3.6823116399999996,
      "system": 0.9989554199999999,
      "min": 21.58831415244,
      "max": 22.41447773944,
      "times": [
        22.03850094144,
        22.41447773944,
        22.17674238144,
        21.58831415244,
        22.18595548944
      ],
      "exit_codes": [
        0,
        0,
        0,
        0,
        0
      ]
    },
    {
      "command": "github",
      "mean": 24.624835769840004,
      "stddev": 3.035830116886191,
      "median": 24.134653493440002,
      "user": 3.7816860399999994,
      "system": 1.05330982,
      "min": 20.96687442044,
      "max": 28.59512136444,
      "times": [
        24.134653493440002,
        21.82573966844,
        20.96687442044,
        27.60178990244,
        28.59512136444
      ],
      "exit_codes": [
        0,
        0,
        0,
        0,
        0
      ]
    }
  ]
}