{
  "results": [
    {
      "command": "npm",
      "mean": 7.337976643580001,
      "stddev": 0.36549509175336675,
      "median": 7.36353686958,
      "user": 3.2311419,
      "system": 0.9629089000000001,
      "min": 6.8558512255799995,
      "max": 7.95504768058,
      "times": [
        7.36353686958,
        6.8558512255799995,
        7.95504768058,
        7.40121124458,
        7.1142361975799995
      ],
      "exit_codes": [
        0,
        0,
        0,
        0,
        0
      ]
    },
    {
      "command": "vlt",
      "mean": 3.8926500069800007,
      "stddev": 0.061139230960189535,
      "median": 3.9230739265800003,
      "user": 2.2866365,
      "system": 0.6583387,
      "min": 3.8148276125800002,
      "max": 3.97178331858,
      "times": [
        3.9230739265800003,
        3.97178331858,
        3.8148276125800002,
        3.8270711365800003,
        3.92649404058
      ],
      "exit_codes": [
        0,
        0,
        0,
        0,
        0
      ]
    },
    {
      "command": "aws",
      "mean": 16.75733119978,
      "stddev": 0.2849304767151913,
      "median": 16.71674154558,
      "user": 3.4544939,
      "system": 0.9722004999999999,
      "min": 16.416413275580002,
      "max": 17.19667510958,
      "times": [
        16.94446712458,
        16.416413275580002,
        17.19667510958,
        16.71674154558,
        16.51235894358
      ],
      "exit_codes": [
        0,
        0,
        0,
        0,
        0
      ]
    },
    {
      "command": "github",
      "mean": 17.818011008579997,
      "stddev": 3.2402692403497606,
      "median": 16.42859117258,
      "user": 3.8153171,
      "system": 1.1130524999999998,
      "min": 14.57819218558,
      "max": 23.990725114580002,
      "times": [
        17.66927111858,
        23.990725114580002,
        16.42327545158,
        16.42859117258,
        14.57819218558
      ],
      "exit_codes": [
        0,
        0,
        0,
        0,
        0
      ]
    }
  ]
}