{
  "results": [
    {
      "command": "npm",
      "mean": 24.09415939932,
      "stddev": 1.1791768069833126,
      "median": 24.057681018319997,
      "user": 13.758975439999997,
      "system": 3.51018052,
      "min": 22.69413620532,
      "max": 26.19539488232,
      "times": [
        23.34062267232,
        24.057681018319997,
        24.18296221832,
        26.19539488232,
        22.69413620532
      ],
      "exit_codes": [
        0,
        0,
        0,
        0,
        0
      ]
    },
    {
      "command": "vlt",
      "mean": 20.68593017292,
      "stddev": 0.4529100763621058,
      "median": 20.50702533832,
      "user": 9.427537240000001,
      "system": 2.58727172,
      "min": 20.270912846319998,
      "max": 21.461479256319997,
      "times": [
        21.461479256319997,
        20.50702533832,
        20.270912846319998,
        20.91403740332,
        20.276196020319997
      ],
      "exit_codes": [
        0,
        0,
        0,
        0,
        0
      ]
    },
    {
      "command": "aws",
      "mean": 94.18972784212,
      "stddev": 0.8308187963434233,
      "median": 94.22763910132001,
      "user": 17.39431744,
      "system": 4.49550952,
      "min": 93.15036448032001,
      "max": 95.56228724532001,
      "times": [
        94.22763910132001,
        93.15036448032001,
        93.54766226932,
        94.46068611432,
        95.56228724532001
      ],
      "exit_codes": [
        0,
        0,
        0,
        0,
        0
      ]
    },
    {
      "command": "github",
      "mean": 62.79190507111999,
      "stddev": 2.055055181716667,
      "median": 62.04827934432,
      "user": 18.09759484,
      "system": 5.01822932,
      "min": 60.64809372632,
      "max": 66.69348248932,
      "times": [
        62.04827934432,
        61.945124709320005,
        66.69348248932,
        60.64809372632,
        62.624545086320005
      ],
      "exit_codes": [
        0,
        0,
        0,
        0,
        0
      ]
    }
  ]
}