{
  "results": [
    {
      "command": "npm",
      "mean": 4.457096975219999,
      "stddev": 0.06932701327094364,
      "median": 4.45151126562,
      "user": 4.56185732,
      "system": 1.8674208399999999,
      "min": 4.37585024762,
      "max": 4.58313002262,
      "times": [
        4.456813372619999,
        4.58313002262,
        4.4181799676199995,
        4.37585024762,
        4.45151126562
      ],
      "exit_codes": [
        0,
        0,
        0,
        0,
        0
      ]
    },
    {
      "command": "vlt",
      "mean": 4.45187565042,
      "stddev": 0.17246881349774207,
      "median": 4.37701252862,
      "user": 4.4067693199999995,
      "system": 1.87756224,
      "min": 4.3075730736199995,
      "max": 4.789094844619999,
      "times": [
        4.37701252862,
        4.3644355376199995,
        4.789094844619999,
        4.3075730736199995,
        4.4212622676199995
      ],
      "exit_codes": [
        0,
        0,
        0,
        0,
        0
      ]
    },
    {
      "command": "aws",
      "mean": 4.587640619019999,
      "stddev": 0.06244696957973581,
      "median": 4.5625320366199995,
      "user": 4.35440292,
      "system": 1.86605584,
      "min": 4.53580805762,
      "max": 4.70910363062,
      "times": [
        4.70910363062,
        4.5625320366199995,
        4.53580805762,
        4.550602960619999,
        4.58015640962
      ],
      "exit_codes": [
        0,
        0,
        0,
        0,
        0
      ]
    },
    {
      "command": "github",
      "mean": 7.3953261788199995,
      "stddev": 3.3991082894357176,
      "median": 6.121346141619999,
      "user": 5.141261119999999,
      "system": 2.04510824,
      "min": 5.0314692576199995,
      "max": 14.09313437362,
      "times": [
        5.0314692576199995,
        5.15242593062,
        6.578255190619999,
        6.121346141619999,
        14.09313437362
      ],
      "exit_codes": [
        0,
        0,
        0,
        0,
        0
      ]
    }
  ]
}