{
  "results": [
    {
      "command": "npm",
      "mean": 4.41198822236,
      "stddev": 0.025916678460807047,
      "median": 4.4243465431599995,
      "user": 4.468275,
      "system": 1.9204679599999999,
      "min": 4.36145551716,
      "max": 4.433903594159999,
      "times": [
        4.433903594159999,
        4.42456899016,
        4.36145551716,
        4.415666467159999,
        4.4243465431599995
      ],
      "exit_codes": [
        0,
        0,
        0,
        0,
        0
      ]
    },
    {
      "command": "vlt",
      "mean": 4.46580230876,
      "stddev": 0.10112474814159546,
      "median": 4.46694500116,
      "user": 4.4859172,
      "system": 1.93467496,
      "min": 4.33220383116,
      "max": 4.6309412521599995,
      "times": [
        4.33220383116,
        4.3971336361599995,
        4.46694500116,
        4.6309412521599995,
        4.50178782316
      ],
      "exit_codes": [
        0,
        0,
        0,
        0,
        0
      ]
    },
    {
      "command": "aws",
      "mean": 4.791879027759999,
      "stddev": 0.09453618076448496,
      "median": 4.72352773216,
      "user": 4.4274862,
      "system": 1.93764136,
      "min": 4.70978616616,
      "max": 4.92362501816,
      "times": [
        4.88994815716,
        4.92362501816,
        4.72352773216,
        4.70978616616,
        4.71250806516
      ],
      "exit_codes": [
        0,
        0,
        0,
        0,
        0
      ]
    },
    {
      "command": "github",
      "mean": 5.01951562476,
      "stddev": 0.03561836062569087,
      "median": 5.03782474516,
      "user": 5.017654599999999,
      "system": 2.00570016,
      "min": 4.95192442216,
      "max": 5.04853623816,
      "times": [
        5.03782474516,
        5.04364785816,
        4.95192442216,
        5.01564486016,
        5.04853623816
      ],
      "exit_codes": [
        0,
        0,
        0,
        0,
        0
      ]
    }
  ]
}