{
  "results": [
    {
      "command": "npm",
      "mean": 4.5894802205600005,
      "stddev": 0.09548227724028738,
      "median": 4.64811811036,
      "user": 4.7226352,
      "system": 1.95744964,
      "min": 4.41205083636,
      "max": 4.66496115836,
      "times": [
        4.6560212633599996,
        4.64811811036,
        4.5662497343599995,
        4.41205083636,
        4.66496115836
      ],
      "exit_codes": [
        0,
        0,
        0,
        0,
        0
      ]
    },
    {
      "command": "vlt",
      "mean": 4.51939168596,
      "stddev": 0.05578016120014116,
      "median": 4.5008499963599995,
      "user": 4.6361902,
      "system": 1.9320760399999997,
      "min": 4.46706808336,
      "max": 4.62047370736,
      "times": [
        4.46706808336,
        4.5008499963599995,
        4.47427100836,
        4.53429563436,
        4.62047370736
      ],
      "exit_codes": [
        0,
        0,
        0,
        0,
        0
      ]
    },
    {
      "command": "aws",
      "mean": 6.391032964359999,
      "stddev": 0.05202520139950082,
      "median": 6.39000789136,
      "user": 4.818288,
      "system": 1.98519504,
      "min": 6.33840161436,
      "max": 6.4810200373599995,
      "times": [
        6.4810200373599995,
        6.40452491936,
        6.33840161436,
        6.34121035936,
        6.39000789136
      ],
      "exit_codes": [
        0,
        0,
        0,
        0,
        0
      ]
    },
    {
      "command": "github",
      "mean": 5.44890578136,
      "stddev": 0.25764381670847153,
      "median": 5.36727870536,
      "user": 5.1598116,
      "system": 2.0159080400000002,
      "min": 5.17238803436,
      "max": 5.91776433436,
      "times": [
        5.91776433436,
        5.50036541736,
        5.17238803436,
        5.2867324153599995,
        5.36727870536
      ],
      "exit_codes": [
        0,
        0,
        0,
        0,
        0
      ]
    }
  ]
}