{
  "results": [
    {
      "command": "npm",
      "mean": 17.464755874679998,
      "stddev": 0.1425164351210003,
      "median": 17.48112240448,
      "user": 12.642608839999998,
      "system": 4.17648456,
      "min": 17.255377114479998,
      "max": 17.64591403748,
      "times": [
        17.48112240448,
        17.35987044648,
        17.58149537048,
        17.255377114479998,
        17.64591403748
      ],
      "exit_codes": [
        0,
        0,
        0,
        0,
        0
      ]
    },
    {
      "command": "vlt",
      "mean": 14.99711987048,
      "stddev": 0.2156184321315863,
      "median": 15.00354701648,
      "user": 9.94532544,
      "system": 3.7228033599999995,
      "min": 14.62152704248,
      "max": 15.281792323480001,
      "times": [
        14.62152704248,
        15.09740656748,
        15.281792323480001,
        14.98132640248,
        15.00354701648
      ],
      "exit_codes": [
        0,
        0,
        0,
        0,
        0
      ]
    },
    {
      "command": "aws",
      "mean": 55.29624498828,
      "stddev": 0.5888631553362893,
      "median": 55.197104430479996,
      "user": 14.039870239999999,
      "system": 4.4679639600000005,
      "min": 54.68759367948,
      "max": 56.40507773148,
      "times": [
        55.197104430479996,
        55.24335054348,
        54.94809855648,
        56.40507773148,
        54.68759367948
      ],
      "exit_codes": [
        0,
        0,
        0,
        0,
        0
      ]
    },
    {
      "command": "github",
      "mean": 41.95064137328,
      "stddev": 4.365349456145432,
      "median": 39.80540922948,
      "user": 14.422758639999998,
      "system": 4.849860359999999,
      "min": 38.92795044848,
      "max": 50.46688355648,
      "times": [
        50.46688355648,
        38.97059196148,
        41.58237167048,
        38.92795044848,
        39.80540922948
      ],
      "exit_codes": [
        0,
        0,
        0,
        0,
        0
      ]
    }
  ]
}