{
  "results": [
    {
      "command": "npm",
      "mean": 16.183000257579998,
      "stddev": 0.22106488138219713,
      "median": 16.301766624579997,
      "user": 12.33088416,
      "system": 4.11158438,
      "min": 15.760377503580001,
      "max": 16.35609882558,
      "times": [
        15.760377503580001,
        16.32937623158,
        16.301766624579997,
        16.35609882558,
        16.16738210258
      ],
      "exit_codes": [
        0,
        0,
        0,
        0,
        0
      ]
    },
    {
      "command": "vlt",
      "mean": 0,
      "stddev": 0,
      "median": 0,
      "user": 0,
      "system": 0,
      "min": 0,
      "max": 0,
      "times": [
        0
      ],
      "exit_codes": [
        1
      ]
    },
    {
      "command": "aws",
      "mean": 52.803969435780004,
      "stddev": 0.4969748010905176,
      "median": 52.90880841558,
      "user": 13.825209359999999,
      "system": 4.370764179999999,
      "min": 52.07552393158,
      "max": 53.35018994258,
      "times": [
        52.07552393158,
        52.39997487958,
        52.90880841558,
        53.28535000958,
        53.35018994258
      ],
      "exit_codes": [
        0,
        0,
        0,
        0,
        0
      ]
    },
    {
      "command": "github",
      "mean": 75.43271606978001,
      "stddev": 14.56957280194086,
      "median": 83.15205116558,
      "user": 14.70179576,
      "system": 4.702864979999999,
      "min": 56.268042555579996,
      "max": 93.73642093858,
      "times": [
        83.74970681358,
        56.268042555579996,
        60.257358875579996,
        83.15205116558,
        93.73642093858
      ],
      "exit_codes": [
        0,
        0,
        0,
        0,
        0
      ]
    }
  ]
}