{
  "results": [
    {
      "command": "npm",
      "mean": 20.29577763762,
      "stddev": 0.713623343423738,
      "median": 20.546117318020002,
      "user": 12.80811786,
      "system": 4.16742994,
      "min": 19.22661456302,
      "max": 21.17832898802,
      "times": [
        21.17832898802,
        20.546117318020002,
        19.22661456302,
        19.734959865020002,
        20.79286745402
      ],
      "exit_codes": [
        0,
        0,
        0,
        0,
        0
      ]
    },
    {
      "command": "vlt",
      "mean": 16.17392677282,
      "stddev": 0.15394226282019643,
      "median": 16.26473774902,
      "user": 9.89807326,
      "system": 3.6678141399999995,
      "min": 15.95600097002,
      "max": 16.32264083802,
      "times": [
        16.26473774902,
        16.020993984020002,
        16.32264083802,
        16.30526032302,
        15.95600097002
      ],
      "exit_codes": [
        0,
        0,
        0,
        0,
        0
      ]
    },
    {
      "command": "aws",
      "mean": 56.83293335482,
      "stddev": 0.9585113193024083,
      "median": 56.624143701019996,
      "user": 13.737672459999999,
      "system": 4.41682394,
      "min": 55.278409777019995,
      "max": 57.969512336019996,
      "times": [
        56.57824529702,
        55.278409777019995,
        56.624143701019996,
        57.714355663019994,
        57.969512336019996
      ],
      "exit_codes": [
        0,
        0,
        0,
        0,
        0
      ]
    },
    {
      "command": "github",
      "mean": 51.41100259201998,
      "stddev": 2.7694470136393528,
      "median": 51.998802261019996,
      "user": 14.317784459999999,
      "system": 4.68449074,
      "min": 46.60220823202,
      "max": 54.741536836019996,
      "times": [
        46.60220823202,
        50.554262404019994,
        51.998802261019996,
        53.158203227019996,
        54.741536836019996
      ],
      "exit_codes": [
        0,
        0,
        0,
        0,
        0
      ]
    }
  ]
}