{
  "results": [
    {
      "command": "npm",
      "mean": 18.867656980539998,
      "stddev": 0.4526430803595113,
      "median": 19.19816896834,
      "user": 12.722829819999998,
      "system": 4.3787366,
      "min": 18.13044718734,
      "max": 19.233817661339998,
      "times": [
        18.54382013434,
        19.19816896834,
        19.23203095134,
        19.233817661339998,
        18.13044718734
      ],
      "exit_codes": [
        0,
        0,
        0,
        0,
        0
      ]
    },
    {
      "command": "vlt",
      "mean": 16.611685432139996,
      "stddev": 0.1416759562736386,
      "median": 16.691766489339997,
      "user": 10.21635582,
      "system": 3.8791725999999995,
      "min": 16.443041974339998,
      "max": 16.787167724339998,
      "times": [
        16.691766489339997,
        16.787167724339998,
        16.692594338339998,
        16.443041974339998,
        16.443856634339998
      ],
      "exit_codes": [
        0,
        0,
        0,
        0,
        0
      ]
    },
    {
      "command": "aws",
      "mean": 58.01819131314001,
      "stddev": 0.9792904695324772,
      "median": 57.657668288340005,
      "user": 14.33952602,
      "system": 4.5860928,
      "min": 56.75590121034,
      "max": 59.51287471034,
      "times": [
        58.72623167934,
        59.51287471034,
        57.657668288340005,
        57.43828067734,
        56.75590121034
      ],
      "exit_codes": [
        0,
        0,
        0,
        0,
        0
      ]
    },
    {
      "command": "github",
      "mean": 77.69459874694,
      "stddev": 9.55932834154738,
      "median": 81.33432952934,
      "user": 15.120155819999999,
      "system": 5.021390599999999,
      "min": 63.42396336134,
      "max": 90.04698396134,
      "times": [
        63.42396336134,
        83.38908341834001,
        90.04698396134,
        81.33432952934,
        70.27863346434
      ],
      "exit_codes": [
        0,
        0,
        0,
        0,
        0
      ]
    }
  ]
}