{
  "results": [
    {
      "command": "npm",
      "mean": 17.97494764148,
      "stddev": 0.5641515209163541,
      "median": 17.80009926288,
      "user": 12.456065839999999,
      "system": 4.1204721399999995,
      "min": 17.43257269088,
      "max": 18.94198463088,
      "times": [
        18.94198463088,
        18.237486406880002,
        17.80009926288,
        17.43257269088,
        17.46259521588
      ],
      "exit_codes": [
        0,
        0,
        0,
        0,
        0
      ]
    },
    {
      "command": "vlt",
      "mean": 18.79637522108,
      "stddev": 0.24391731336509886,
      "median": 18.70908872888,
      "user": 9.801067039999998,
      "system": 3.6652755399999997,
      "min": 18.550782016880003,
      "max": 19.184153734880002,
      "times": [
        18.550782016880003,
        18.96598444488,
        18.70908872888,
        19.184153734880002,
        18.57186717988
      ],
      "exit_codes": [
        0,
        0,
        0,
        0,
        0
      ]
    },
    {
      "command": "aws",
      "mean": 57.252845873679995,
      "stddev": 0.8198296111394703,
      "median": 57.63791483188,
      "user": 13.705281439999998,
      "system": 4.39168754,
      "min": 55.63426276588,
      "max": 57.84034616088,
      "times": [
        57.43676643888,
        57.63791483188,
        57.84034616088,
        57.71493917088,
        55.63426276588
      ],
      "exit_codes": [
        0,
        0,
        0,
        0,
        0
      ]
    },
    {
      "command": "github",
      "mean": 87.10610617228001,
      "stddev": 7.823559733482154,
      "median": 85.06824289688,
      "user": 14.67678484,
      "system": 4.78683394,
      "min": 79.26122727987999,
      "max": 99.77003217488,
      "times": [
        91.88410037288,
        99.77003217488,
        79.54692813688,
        85.06824289688,
        79.26122727987999
      ],
      "exit_codes": [
        0,
        0,
        0,
        0,
        0
      ]
    }
  ]
}