{
  "results": [
    {
      "command": "npm",
      "mean": 18.432220907980003,
      "stddev": 0.43786893904965224,
      "median": 18.598252797780003,
      "user": 12.688013419999999,
      "system": 4.222637420000001,
      "min": 17.65073283978,
      "max": 18.95582148978,
      "times": [
        18.62302719878,
        18.95582148978,
        17.65073283978,
        18.598252797780003,
        18.33327021378
      ],
      "exit_codes": [
        0,
        0,
        0,
        0,
        0
      ]
    },
    {
      "command": "vlt",
      "mean": 15.414508467580001,
      "stddev": 0.21192763230344291,
      "median": 15.32458985678,
      "user": 10.22527502,
      "system": 3.8569012199999997,
      "min": 15.18499340778,
      "max": 15.79776775178,
      "times": [
        15.32458985678,
        15.18499340778,
        15.79776775178,
        15.29634151878,
        15.46884980278
      ],
      "exit_codes": [
        0,
        0,
        0,
        0,
        0
      ]
    },
    {
      "command": "aws",
      "mean": 64.43753327377999,
      "stddev": 0.5843287365570302,
      "median": 64.76102566678,
      "user": 14.215066019999998,
      "system": 4.5260782200000005,
      "min": 63.660144634779996,
      "max": 65.08408053078,
      "times": [
        64.87113199678001,
        65.08408053078,
        63.660144634779996,
        63.81128353978,
        64.76102566678
      ],
      "exit_codes": [
        0,
        0,
        0,
        0,
        0
      ]
    },
    {
      "command": "github",
      "mean": 59.50851688857999,
      "stddev": 0.8292766253170502,
      "median": 59.78654659478,
      "user": 14.851122619999998,
      "system": 4.88075202,
      "min": 58.191228745779995,
      "max": 60.62081421378,
      "times": [
        60.62081421378,
        59.78654659478,
        59.91135911678,
        58.191228745779995,
        59.03263577178
      ],
      "exit_codes": [
        0,
        0,
        0,
        0,
        0
      ]
    }
  ]
}