{
  "results": [
    {
      "command": "npm",
      "mean": 20.1309275769,
      "stddev": 0.5412397763384001,
      "median": 20.244628363500002,
      "user": 12.777775359999998,
      "system": 4.231884599999999,
      "min": 19.3729639105,
      "max": 20.8441747225,
      "times": [
        19.6685541615,
        19.3729639105,
        20.8441747225,
        20.244628363500002,
        20.5243167265
      ],
      "exit_codes": [
        0,
        0,
        0,
        0,
        0
      ]
    },
    {
      "command": "vlt",
      "mean": 0,
      "stddev": 0,
      "median": 0,
      "user": 0,
      "system": 0,
      "min": 0,
      "max": 0,
      "times": [
        0
      ],
      "exit_codes": [
        1
      ]
    },
    {
      "command": "aws",
      "mean": 66.4383401905,
      "stddev": 2.026231630318206,
      "median": 65.8595321055,
      "user": 14.10088236,
      "system": 4.424213999999999,
      "min": 64.6452081985,
      "max": 70.3202959755,
      "times": [
        65.0636237265,
        70.3202959755,
        65.8595321055,
        66.3030409465,
        64.6452081985
      ],
      "exit_codes": [
        0,
        0,
        0,
        0,
        0
      ]
    },
    {
      "command": "github",
      "mean": 88.97985940250001,
      "stddev": 7.222118369055895,
      "median": 92.7610138705,
      "user": 15.040092759999999,
      "system": 4.8326628,
      "min": 78.2516641835,
      "max": 96.5012687225,
      "times": [
        96.5012687225,
        92.7610138705,
        82.5825556785,
        94.80279455750001,
        78.2516641835
      ],
      "exit_codes": [
        0,
        0,
        0,
        0,
        0
      ]
    }
  ]
}