{
  "results": [
    {
      "command": "npm",
      "mean": 17.47050624844,
      "stddev": 0.47382139409085033,
      "median": 17.42061428404,
      "user": 11.500610139999997,
      "system": 3.80844496,
      "min": 16.81460450504,
      "max": 18.232246880039998,
      "times": [
        18.232246880039998,
        16.81460450504,
        17.67493700704,
        17.210128566039998,
        17.42061428404
      ],
      "exit_codes": [
        0,
        0,
        0,
        0,
        0
      ]
    },
    {
      "command": "vlt",
      "mean": 14.85569772604,
      "stddev": 0.23691238680642882,
      "median": 14.814487017040001,
      "user": 9.029691539999998,
      "system": 3.3695087599999995,
      "min": 14.64715114804,
      "max": 15.30713744504,
      "times": [
        15.30713744504,
        14.83006181504,
        14.64715114804,
        14.814487017040001,
        14.67965120504
      ],
      "exit_codes": [
        0,
        0,
        0,
        0,
        0
      ]
    },
    {
      "command": "aws",
      "mean": 62.03233045464001,
      "stddev": 0.8677915599719865,
      "median": 61.640651935040005,
      "user": 12.999871539999997,
      "system": 4.11240256,
      "min": 61.05631114704,
      "max": 63.59563688104,
      "times": [
        62.24775679004,
        63.59563688104,
        61.640651935040005,
        61.62129552004,
        61.05631114704
      ],
      "exit_codes": [
        0,
        0,
        0,
        0,
        0
      ]
    },
    {
      "command": "github",
      "mean": 56.536565597439996,
      "stddev": 4.901917724734642,
      "median": 57.96460578504,
      "user": 13.341057739999997,
      "system": 4.38478616,
      "min": 49.26322311204,
      "max": 62.372916967040005,
      "times": [
        57.96460578504,
        60.48693385304,
        62.372916967040005,
        49.26322311204,
        52.59514827004
      ],
      "exit_codes": [
        0,
        0,
        0,
        0,
        0
      ]
    }
  ]
}