{
  "results": [
    {
      "command": "npm",
      "mean": 83.75781773189334,
      "stddev": 4.618412321175022,
      "median": 86.84880449956,
      "user": 51.26881489333332,
      "system": 16.58461214,
      "min": 77.22945879156,
      "max": 87.19518990456001,
      "times": [
        87.19518990456001,
        86.84880449956,
        77.22945879156
      ],
      "exit_codes": [
        0,
        0,
        0
      ]
    },
    {
      "command": "vlt",
      "mean": 66.00381524622668,
      "stddev": 0.20350289571034927,
      "median": 66.13617747556,
      "user": 40.03308022666666,
      "system": 15.26849114,
      "min": 65.71631914556,
      "max": 66.15894911756,
      "times": [
        66.15894911756,
        66.13617747556,
        65.71631914556
      ],
      "exit_codes": [
        0,
        0,
        0
      ]
    },
    {
      "command": "aws",
      "mean": 292.36326156056,
      "stddev": 2.253097933957859,
      "median": 290.98021035956,
      "user": 59.123331226666664,
      "system": 18.060360139999997,
      "min": 290.56881602656,
      "max": 295.54075829555995,
      "times": [
        290.56881602656,
        295.54075829555995,
        290.98021035956
      ],
      "exit_codes": [
        0,
        0,
        0
      ]
    },
    {
      "command": "github",
      "mean": 0,
      "stddev": 0,
      "median": 0,
      "user": 0,
      "system": 0,
      "min": 0,
      "max": 0,
      "times": [
        0
      ],
      "exit_codes": [
        1
      ]
    }
  ]
}