{
  "results": [
    {
      "command": "npm",
      "mean": 85.18667234432667,
      "stddev": 1.6567821929724407,
      "median": 85.45827547866,
      "user": 49.62369316666666,
      "system": 16.230471453333333,
      "min": 83.03541433866,
      "max": 87.06632721566,
      "times": [
        85.45827547866,
        83.03541433866,
        87.06632721566
      ],
      "exit_codes": [
        0,
        0,
        0
      ]
    },
    {
      "command": "vlt",
      "mean": 0,
      "stddev": 0,
      "median": 0,
      "user": 0,
      "system": 0,
      "min": 0,
      "max": 0,
      "times": [
        0
      ],
      "exit_codes": [
        1
      ]
    },
    {
      "command": "aws",
      "mean": 286.58256184732664,
      "stddev": 2.466392761336387,
      "median": 287.75156973966,
      "user": 58.51140983333334,
      "system": 17.824430786666667,
      "min": 283.15205978266,
      "max": 288.84405601966,
      "times": [
        283.15205978266,
        287.75156973966,
        288.84405601966
      ],
      "exit_codes": [
        0,
        0,
        0
      ]
    },
    {
      "command": "github",
      "mean": 0,
      "stddev": 0,
      "median": 0,
      "user": 0,
      "system": 0,
      "min": 0,
      "max": 0,
      "times": [
        0
      ],
      "exit_codes": [
        1
      ]
    }
  ]
}