{
  "results": [
    {
      "command": "npm",
      "mean": 80.61657372234001,
      "stddev": 2.0554189561212586,
      "median": 80.37813635934,
      "user": 48.10616577333334,
      "system": 16.27687852,
      "min": 78.22691190734,
      "max": 83.24467290034,
      "times": [
        80.37813635934,
        83.24467290034,
        78.22691190734
      ],
      "exit_codes": [
        0,
        0,
        0
      ]
    },
    {
      "command": "vlt",
      "mean": 69.67316723634,
      "stddev": 2.0374893529143274,
      "median": 68.48499125934,
      "user": 37.465991773333336,
      "system": 14.889020519999997,
      "min": 67.99388269034,
      "max": 72.54062775934,
      "times": [
        72.54062775934,
        68.48499125934,
        67.99388269034
      ],
      "exit_codes": [
        0,
        0,
        0
      ]
    },
    {
      "command": "aws",
      "mean": 249.65953785734004,
      "stddev": 1.8843996948887907,
      "median": 250.99112566834,
      "user": 59.166336773333335,
      "system": 17.927230186666666,
      "min": 246.99459444734,
      "max": 250.99289345634003,
      "times": [
        246.99459444734,
        250.99112566834,
        250.99289345634003
      ],
      "exit_codes": [
        0,
        0,
        0
      ]
    },
    {
      "command": "github",
      "mean": 271.29736447434,
      "stddev": 0,
      "median": 271.29736447434,
      "user": 53.90082210666666,
      "system": 16.133291186666668,
      "min": 271.29736447434,
      "max": 271.29736447434,
      "times": [
        271.29736447434
      ],
      "exit_codes": [
        0
      ]
    }
  ]
}