{
  "results": [
    {
      "command": "npm",
      "mean": 79.43850593084667,
      "stddev": 2.716842576336852,
      "median": 79.56314379218,
      "user": 51.30149103333333,
      "system": 16.346594393333334,
      "min": 76.05049918718001,
      "max": 82.70187481318,
      "times": [
        79.56314379218,
        82.70187481318,
        76.05049918718001
      ],
      "exit_codes": [
        0,
        0,
        0
      ]
    },
    {
      "command": "vlt",
      "mean": 79.14306774484668,
      "stddev": 1.2559522611884948,
      "median": 78.66018573818,
      "user": 40.5221827,
      "system": 14.89287306,
      "min": 77.90422402918,
      "max": 80.86479346718001,
      "times": [
        77.90422402918,
        78.66018573818,
        80.86479346718001
      ],
      "exit_codes": [
        0,
        0,
        0
      ]
    },
    {
      "command": "aws",
      "mean": 256.2828041848467,
      "stddev": 2.9789898603124847,
      "median": 255.84129332418001,
      "user": 62.19924603333333,
      "system": 18.358151059999997,
      "min": 252.87514784118,
      "max": 260.13197138918,
      "times": [
        255.84129332418001,
        260.13197138918,
        252.87514784118
      ],
      "exit_codes": [
        0,
        0,
        0
      ]
    },
    {
      "command": "github",
      "mean": 189.6157303018467,
      "stddev": 10.784177078567984,
      "median": 185.29631948218,
      "user": 61.55940636666666,
      "system": 19.43042939333333,
      "min": 179.10836302218001,
      "max": 204.44250840118,
      "times": [
        204.44250840118,
        179.10836302218001,
        185.29631948218
      ],
      "exit_codes": [
        0,
        0,
        0
      ]
    }
  ]
}