{
  "results": [
    {
      "command": "npm",
      "mean": 83.33842017124665,
      "stddev": 7.7722786065661085,
      "median": 80.39906892858,
      "user": 49.99764823999999,
      "system": 16.22949372666667,
      "min": 75.63571154358,
      "max": 93.98048004158,
      "times": [
        93.98048004158,
        75.63571154358,
        80.39906892858
      ],
      "exit_codes": [
        0,
        0,
        0
      ]
    },
    {
      "command": "vlt",
      "mean": 0,
      "stddev": 0,
      "median": 0,
      "user": 0,
      "system": 0,
      "min": 0,
      "max": 0,
      "times": [
        0
      ],
      "exit_codes": [
        1
      ]
    },
    {
      "command": "aws",
      "mean": 226.18740395424666,
      "stddev": 2.9201268818113544,
      "median": 226.64254329558003,
      "user": 58.68442024,
      "system": 18.039432726666664,
      "min": 222.40521086558002,
      "max": 229.51445770158,
      "times": [
        222.40521086558002,
        226.64254329558003,
        229.51445770158
      ],
      "exit_codes": [
        0,
        0,
        0
      ]
    },
    {
      "command": "github",
      "mean": 0,
      "stddev": 0,
      "median": 0,
      "user": 0,
      "system": 0,
      "min": 0,
      "max": 0,
      "times": [
        0
      ],
      "exit_codes": [
        1
      ]
    }
  ]
}