{
  "results": [
    {
      "command": "npm",
      "mean": 28.540852270520002,
      "stddev": 0.5866405465902714,
      "median": 28.730090424519997,
      "user": 22.765978353333335,
      "system": 13.235749433333334,
      "min": 27.74668877952,
      "max": 29.14577760752,
      "times": [
        27.74668877952,
        28.730090424519997,
        29.14577760752
      ],
      "exit_codes": [
        0,
        0,
        0
      ]
    },
    {
      "command": "vlt",
      "mean": 29.56450051652,
      "stddev": 0.6413746268184156,
      "median": 29.69052788852,
      "user": 23.78100668666666,
      "system": 13.562372433333332,
      "min": 28.72358584452,
      "max": 30.27938781652,
      "times": [
        30.27938781652,
        29.69052788852,
        28.72358584452
      ],
      "exit_codes": [
        0,
        0,
        0
      ]
    },
    {
      "command": "aws",
      "mean": 30.28105720952,
      "stddev": 0.6020398681343163,
      "median": 30.60617137952,
      "user": 23.101130686666668,
      "system": 13.4955651,
      "min": 29.43702849152,
      "max": 30.799971757519998,
      "times": [
        30.60617137952,
        30.799971757519998,
        29.43702849152
      ],
      "exit_codes": [
        0,
        0,
        0
      ]
    },
    {
      "command": "github",
      "mean": 0,
      "stddev": 0,
      "median": 0,
      "user": 0,
      "system": 0,
      "min": 0,
      "max": 0,
      "times": [
        0
      ],
      "exit_codes": [
        1
      ]
    }
  ]
}