{
  "results": [
    {
      "command": "npm",
      "mean": 13.68540433146,
      "stddev": 0.40917950264816205,
      "median": 13.460736795459999,
      "user": 12.74039346,
      "system": 5.240221253333333,
      "min": 13.335910023459999,
      "max": 14.25956617546,
      "times": [
        13.460736795459999,
        14.25956617546,
        13.335910023459999
      ],
      "exit_codes": [
        0,
        0,
        0
      ]
    },
    {
      "command": "vlt",
      "mean": 12.748307242126666,
      "stddev": 0.26449663248474437,
      "median": 12.789318482459999,
      "user": 11.718330793333331,
      "system": 5.187462253333333,
      "min": 12.40581363846,
      "max": 13.049789605459999,
      "times": [
        12.789318482459999,
        12.40581363846,
        13.049789605459999
      ],
      "exit_codes": [
        0,
        0,
        0
      ]
    },
    {
      "command": "aws",
      "mean": 30.370756665793337,
      "stddev": 0.2661854837263078,
      "median": 30.390868888460002,
      "user": 14.262274793333333,
      "system": 5.54404692,
      "min": 30.03515686846,
      "max": 30.686244240460002,
      "times": [
        30.686244240460002,
        30.03515686846,
        30.390868888460002
      ],
      "exit_codes": [
        0,
        0,
        0
      ]
    },
    {
      "command": "github",
      "mean": 28.801993937459997,
      "stddev": 3.9219008019660286,
      "median": 28.43195069446,
      "user": 15.904726460000001,
      "system": 5.944781253333333,
      "min": 24.19438998946,
      "max": 33.77964112846,
      "times": [
        24.19438998946,
        28.43195069446,
        33.77964112846
      ],
      "exit_codes": [
        0,
        0,
        0
      ]
    }
  ]
}