{
  "results": [
    {
      "command": "npm",
      "mean": 6.61193803426,
      "stddev": 0.0879891339002562,
      "median": 6.6284826814599995,
      "user": 5.7513527799999995,
      "system": 3.0450144,
      "min": 6.48476769646,
      "max": 6.74955772346,
      "times": [
        6.6284826814599995,
        6.63691766046,
        6.48476769646,
        6.55996440946,
        6.74955772346
      ],
      "exit_codes": [
        0,
        0,
        0,
        0,
        0
      ]
    },
    {
      "command": "vlt",
      "mean": 6.61042162066,
      "stddev": 0.05512674245325631,
      "median": 6.60935176846,
      "user": 5.73366418,
      "system": 3.0939758,
      "min": 6.52998728746,
      "max": 6.69329919546,
      "times": [
        6.69329919546,
        6.57928556946,
        6.52998728746,
        6.64018428246,
        6.60935176846
      ],
      "exit_codes": [
        0,
        0,
        0,
        0,
        0
      ]
    },
    {
      "command": "aws",
      "mean": 6.70971551026,
      "stddev": 0.14167297281723523,
      "median": 6.742292153459999,
      "user": 5.822730379999999,
      "system": 2.988558,
      "min": 6.53897718746,
      "max": 6.88958152046,
      "times": [
        6.82473449046,
        6.88958152046,
        6.742292153459999,
        6.53897718746,
        6.552992199459999
      ],
      "exit_codes": [
        0,
        0,
        0,
        0,
        0
      ]
    },
    {
      "command": "github",
      "mean": 7.135173003059999,
      "stddev": 0.21360153048948385,
      "median": 7.05798343746,
      "user": 6.275883979999999,
      "system": 3.1098068,
      "min": 6.9336438314599995,
      "max": 7.52980144046,
      "times": [
        7.05798343746,
        7.17495939346,
        6.97947691246,
        6.9336438314599995,
        7.52980144046
      ],
      "exit_codes": [
        0,
        0,
        0,
        0,
        0
      ]
    }
  ]
}