{
  "results": [
    {
      "command": "npm",
      "mean": 1.3122461106399999,
      "stddev": 0.02030350894637516,
      "median": 1.30011150584,
      "user": 1.32099638,
      "system": 0.47726388000000003,
      "min": 1.29602771784,
      "max": 1.34908956184,
      "times": [
        1.29665642084,
        1.30011150584,
        1.31934534684,
        1.29602771784,
        1.34908956184
      ],
      "exit_codes": [
        0,
        0,
        0,
        0,
        0
      ]
    },
    {
      "command": "vlt",
      "mean": 1.5485664994400001,
      "stddev": 0.5884461959318049,
      "median": 1.2549763678399999,
      "user": 1.24413238,
      "system": 0.45277588,
      "min": 1.24421018484,
      "max": 2.72537321084,
      "times": [
        1.26631468884,
        1.2519580448399998,
        2.72537321084,
        1.24421018484,
        1.2549763678399999
      ],
      "exit_codes": [
        0,
        0,
        0,
        0,
        0
      ]
    },
    {
      "command": "aws",
      "mean": 1.41983193544,
      "stddev": 0.06755150569034997,
      "median": 1.38411668984,
      "user": 1.2397601799999998,
      "system": 0.44537268,
      "min": 1.3578004158399999,
      "max": 1.54606077484,
      "times": [
        1.54606077484,
        1.43160250384,
        1.37957929284,
        1.3578004158399999,
        1.38411668984
      ],
      "exit_codes": [
        0,
        0,
        0,
        0,
        0
      ]
    },
    {
      "command": "github",
      "mean": 1.5369930038400001,
      "stddev": 0.08004828281850138,
      "median": 1.50896105684,
      "user": 1.3700555799999998,
      "system": 0.48555208,
      "min": 1.47635606584,
      "max": 1.6942904998400001,
      "times": [
        1.6942904998400001,
        1.50896105684,
        1.48720995184,
        1.5181474448399999,
        1.47635606584
      ],
      "exit_codes": [
        0,
        0,
        0,
        0,
        0
      ]
    }
  ]
}