{
  "results": [
    {
      "command": "npm",
      "mean": 4.53626942162,
      "stddev": 0.03145761444624701,
      "median": 4.53820288242,
      "user": 4.66029518,
      "system": 1.9637235999999998,
      "min": 4.49486951942,
      "max": 4.58955232942,
      "times": [
        4.54152058242,
        4.51720179442,
        4.53820288242,
        4.49486951942,
        4.58955232942
      ],
      "exit_codes": [
        0,
        0,
        0,
        0,
        0
      ]
    },
    {
      "command": "vlt",
      "mean": 4.32873824642,
      "stddev": 0.05552528253706956,
      "median": 4.29370099742,
      "user": 4.43822198,
      "system": 1.8483746,
      "min": 4.27625914442,
      "max": 4.41634814142,
      "times": [
        4.41634814142,
        4.37203961142,
        4.27625914442,
        4.29370099742,
        4.28534333742
      ],
      "exit_codes": [
        0,
        0,
        0,
        0,
        0
      ]
    },
    {
      "command": "aws",
      "mean": 6.262781960020001,
      "stddev": 0.09752012601571014,
      "median": 6.23050267442,
      "user": 4.48485558,
      "system": 1.9049649999999996,
      "min": 6.13824033242,
      "max": 6.42786937142,
      "times": [
        6.42786937142,
        6.13824033242,
        6.21557734742,
        6.23050267442,
        6.30172007442
      ],
      "exit_codes": [
        0,
        0,
        0,
        0,
        0
      ]
    },
    {
      "command": "github",
      "mean": 7.09995665522,
      "stddev": 0.695291873147179,
      "median": 7.42912378442,
      "user": 4.99058978,
      "system": 1.9944982,
      "min": 6.13730748142,
      "max": 7.8591417984200005,
      "times": [
        7.66870893642,
        7.42912378442,
        6.13730748142,
        6.40550127542,
        7.8591417984200005
      ],
      "exit_codes": [
        0,
        0,
        0,
        0,
        0
      ]
    }
  ]
}