{
  "results": [
    {
      "command": "npm",
      "mean": 23.57893847064,
      "stddev": 1.2875542105152282,
      "median": 24.21568171384,
      "user": 13.88334762,
      "system": 3.49423072,
      "min": 21.24706887184,
      "max": 24.80130155984,
      "times": [
        24.80130155984,
        23.16724704984,
        24.21568171384,
        24.46339315784,
        21.24706887184
      ],
      "exit_codes": [
        0,
        0,
        0,
        0,
        0
      ]
    },
    {
      "command": "vlt",
      "mean": 16.15967361504,
      "stddev": 0.39337099077227167,
      "median": 16.19561778284,
      "user": 9.047076619999999,
      "system": 2.51544832,
      "min": 15.524953373839999,
      "max": 16.62846572684,
      "times": [
        15.524953373839999,
        15.95883862684,
        16.49049256484,
        16.62846572684,
        16.19561778284
      ],
      "exit_codes": [
        0,
        0,
        0,
        0,
        0
      ]
    },
    {
      "command": "aws",
      "mean": 103.21363331903999,
      "stddev": 0.9756155028609186,
      "median": 102.93291244784,
      "user": 17.366711019999997,
      "system": 4.37330912,
      "min": 102.24000256584,
      "max": 105.08869739684,
      "times": [
        105.08869739684,
        103.01250100284,
        102.24000256584,
        102.93291244784,
        102.79405318184
      ],
      "exit_codes": [
        0,
        0,
        0,
        0,
        0
      ]
    },
    {
      "command": "github",
      "mean": 176.97958238823998,
      "stddev": 21.545997338475367,
      "median": 178.37505842584,
      "user": 18.76119542,
      "system": 4.8680029199999995,
      "min": 141.88814967284,
      "max": 204.64643572384,
      "times": [
        204.64643572384,
        192.32629092884,
        178.37505842584,
        167.66197718984,
        141.88814967284
      ],
      "exit_codes": [
        0,
        0,
        0,
        0,
        0
      ]
    }
  ]
}