{
  "results": [
    {
      "command": "npm",
      "mean": 21.19727735986,
      "stddev": 0.25169835082273845,
      "median": 21.22415407506,
      "user": 12.935790379999997,
      "system": 3.42498724,
      "min": 20.80634707006,
      "max": 21.59457738506,
      "times": [
        21.22415407506,
        21.59457738506,
        20.80634707006,
        21.131605809059998,
        21.22970246006
      ],
      "exit_codes": [
        0,
        0,
        0,
        0,
        0
      ]
    },
    {
      "command": "vlt",
      "mean": 15.70844882346,
      "stddev": 0.25302900449360954,
      "median": 15.62270372006,
      "user": 8.345125579999998,
      "system": 2.43520364,
      "min": 15.40251512006,
      "max": 16.055162349059998,
      "times": [
        16.055162349059998,
        15.50962904106,
        15.95223388706,
        15.62270372006,
        15.40251512006
      ],
      "exit_codes": [
        0,
        0,
        0,
        0,
        0
      ]
    },
    {
      "command": "aws",
      "mean": 98.33619268066,
      "stddev": 1.0773556362553578,
      "median": 98.56955502006001,
      "user": 16.82407638,
      "system": 4.283487039999999,
      "min": 96.37038943806,
      "max": 99.60368450606,
      "times": [
        98.86022434506,
        96.37038943806,
        98.27711009406,
        98.56955502006001,
        99.60368450606
      ],
      "exit_codes": [
        0,
        0,
        0,
        0,
        0
      ]
    },
    {
      "command": "github",
      "mean": 64.40274797866,
      "stddev": 2.9053185405492123,
      "median": 63.881935919060005,
      "user": 17.10358058,
      "system": 4.73582144,
      "min": 60.76781962906,
      "max": 68.60744814006,
      "times": [
        68.60744814006,
        63.881935919060005,
        62.02882903906,
        66.72770716606,
        60.76781962906
      ],
      "exit_codes": [
        0,
        0,
        0,
        0,
        0
      ]
    }
  ]
}