{
  "results": [
    {
      "command": "npm",
      "mean": 28.474416537979998,
      "stddev": 4.9008192483526924,
      "median": 25.63580041998,
      "user": 13.12372016,
      "system": 3.4272261800000003,
      "min": 23.95305640298,
      "max": 37.53215071898,
      "times": [
        23.95305640298,
        37.53215071898,
        25.63580041998,
        25.61233513698,
        29.63874001098
      ],
      "exit_codes": [
        0,
        0,
        0,
        0,
        0
      ]
    },
    {
      "command": "vlt",
      "mean": 16.13015982458,
      "stddev": 0.2522419392574891,
      "median": 16.01462022198,
      "user": 8.30124296,
      "system": 2.36438538,
      "min": 15.86548918698,
      "max": 16.54186403098,
      "times": [
        16.54186403098,
        15.86548918698,
        16.01462022198,
        16.29432079698,
        15.934504885980001
      ],
      "exit_codes": [
        0,
        0,
        0,
        0,
        0
      ]
    },
    {
      "command": "aws",
      "mean": 99.30989505758001,
      "stddev": 1.0985367840166689,
      "median": 99.75726462498,
      "user": 16.09582336,
      "system": 4.172190779999999,
      "min": 97.60167629098,
      "max": 100.48910638998,
      "times": [
        99.75726462498,
        97.60167629098,
        98.47839159997999,
        100.48910638998,
        100.22303638198
      ],
      "exit_codes": [
        0,
        0,
        0,
        0,
        0
      ]
    },
    {
      "command": "github",
      "mean": 80.36696661358,
      "stddev": 2.344620370944655,
      "median": 80.75183520098,
      "user": 16.92723036,
      "system": 4.7174961799999995,
      "min": 77.11663123298,
      "max": 83.74495346098,
      "times": [
        83.74495346098,
        81.72800154398,
        77.11663123298,
        80.75183520098,
        78.49341162898
      ],
      "exit_codes": [
        0,
        0,
        0,
        0,
        0
      ]
    }
  ]
}