{
  "results": [
    {
      "command": "npm",
      "mean": 24.946386590560003,
      "stddev": 1.1839884196399566,
      "median": 25.24602969736,
      "user": 13.073810499999999,
      "system": 3.3737896400000005,
      "min": 22.753489139360003,
      "max": 26.337198143360002,
      "times": [
        26.337198143360002,
        22.753489139360003,
        25.24602969736,
        25.039531246360003,
        25.35568472636
      ],
      "exit_codes": [
        0,
        0,
        0,
        0,
        0
      ]
    },
    {
      "command": "vlt",
      "mean": 14.091740696159999,
      "stddev": 0.1231309132267623,
      "median": 14.03777038136,
      "user": 8.107760899999999,
      "system": 2.33647004,
      "min": 13.925611799359999,
      "max": 14.24602843836,
      "times": [
        14.22294246736,
        13.925611799359999,
        14.03777038136,
        14.24602843836,
        14.02635039436
      ],
      "exit_codes": [
        0,
        0,
        0,
        0,
        0
      ]
    },
    {
      "command": "aws",
      "mean": 82.19758479536002,
      "stddev": 1.3901349153089042,
      "median": 82.11507765536001,
      "user": 16.3322355,
      "system": 4.09499864,
      "min": 80.76715837436001,
      "max": 84.60678806936001,
      "times": [
        80.76715837436001,
        82.58716651536001,
        82.11507765536001,
        80.91173336236001,
        84.60678806936001
      ],
      "exit_codes": [
        0,
        0,
        0,
        0,
        0
      ]
    },
    {
      "command": "github",
      "mean": 135.48779177416,
      "stddev": 39.323411605638604,
      "median": 129.10259323136,
      "user": 17.4848857,
      "system": 4.741791839999999,
      "min": 93.39442825936,
      "max": 208.38713818736,
      "times": [
        129.10259323136,
        110.89738692736,
        93.39442825936,
        135.65741226536,
        208.38713818736
      ],
      "exit_codes": [
        0,
        0,
        0,
        0,
        0
      ]
    }
  ]
}