{
  "results": [
    {
      "command": "npm",
      "mean": 24.75279614076,
      "stddev": 2.5451106889391855,
      "median": 24.11485910196,
      "user": 11.43674408,
      "system": 3.11087748,
      "min": 21.94858272296,
      "max": 29.35893304696,
      "times": [
        21.94858272296,
        25.22518332896,
        23.116422502960003,
        29.35893304696,
        24.11485910196
      ],
      "exit_codes": [
        0,
        0,
        0,
        0,
        0
      ]
    },
    {
      "command": "vlt",
      "mean": 13.012930020560002,
      "stddev": 0.10456530412734637,
      "median": 13.015921887960001,
      "user": 7.13534868,
      "system": 2.1379496799999997,
      "min": 12.84623886696,
      "max": 13.12787011396,
      "times": [
        13.015921887960001,
        12.958332823960001,
        13.12787011396,
        13.11628640996,
        12.84623886696
      ],
      "exit_codes": [
        0,
        0,
        0,
        0,
        0
      ]
    },
    {
      "command": "aws",
      "mean": 84.89149593076002,
      "stddev": 1.2110136838150571,
      "median": 84.48416338996,
      "user": 12.760314480000002,
      "system": 3.3469388799999997,
      "min": 83.80044853296,
      "max": 87.21718148996,
      "times": [
        87.21718148996,
        83.80044853296,
        84.14210819996,
        84.81357804096001,
        84.48416338996
      ],
      "exit_codes": [
        0,
        0,
        0,
        0,
        0
      ]
    },
    {
      "command": "github",
      "mean": 149.46582591956002,
      "stddev": 43.48325894517716,
      "median": 131.91525033996,
      "user": 13.50129628,
      "system": 3.7229728799999995,
      "min": 102.44628597496,
      "max": 230.36733953296002,
      "times": [
        131.91525033996,
        152.62922692696,
        129.97102682296,
        230.36733953296002,
        102.44628597496
      ],
      "exit_codes": [
        0,
        0,
        0,
        0,
        0
      ]
    }
  ]
}