{
  "results": [
    {
      "command": "npm",
      "mean": 27.63979572908,
      "stddev": 1.5335388403634793,
      "median": 28.44074511248,
      "user": 11.122937679999998,
      "system": 2.9403074599999997,
      "min": 25.52231648748,
      "max": 29.31456400448,
      "times": [
        25.52231648748,
        26.08873401748,
        28.44074511248,
        28.83261902348,
        29.31456400448
      ],
      "exit_codes": [
        0,
        0,
        0,
        0,
        0
      ]
    },
    {
      "command": "vlt",
      "mean": 13.64810227708,
      "stddev": 0.48715065501639765,
      "median": 13.40865083648,
      "user": 6.626962279999999,
      "system": 1.97562846,
      "min": 13.193339523479999,
      "max": 14.55503368548,
      "times": [
        13.193339523479999,
        13.40865083648,
        13.34516828648,
        14.55503368548,
        13.73831905348
      ],
      "exit_codes": [
        0,
        0,
        0,
        0,
        0
      ]
    },
    {
      "command": "aws",
      "mean": 83.53521695948001,
      "stddev": 0.624628319221042,
      "median": 83.64551718648,
      "user": 12.06617148,
      "system": 3.2167470599999994,
      "min": 82.40100090248,
      "max": 84.30667712948001,
      "times": [
        84.30667712948001,
        82.40100090248,
        83.64551718648,
        83.77363382148,
        83.54925575748001
      ],
      "exit_codes": [
        0,
        0,
        0,
        0,
        0
      ]
    },
    {
      "command": "github",
      "mean": 74.23766918728,
      "stddev": 14.00719367141404,
      "median": 67.69920073848,
      "user": 12.67329068,
      "system": 3.5708774599999997,
      "min": 65.75765040448,
      "max": 102.14555059848,
      "times": [
        102.14555059848,
        66.30518876148001,
        65.75765040448,
        69.28075543348001,
        67.69920073848
      ],
      "exit_codes": [
        0,
        0,
        0,
        0,
        0
      ]
    }
  ]
}