{
  "results": [
    {
      "command": "npm",
      "mean": 27.903166682440002,
      "stddev": 2.5241924821211983,
      "median": 27.901583655240003,
      "user": 11.683233419999999,
      "system": 3.04449228,
      "min": 24.312812533240002,
      "max": 31.29202945724,
      "times": [
        31.29202945724,
        27.901583655240003,
        29.93629422524,
        24.312812533240002,
        26.07311354124
      ],
      "exit_codes": [
        0,
        0,
        0,
        0,
        0
      ]
    },
    {
      "command": "vlt",
      "mean": 12.669525505440001,
      "stddev": 0.24838427846574804,
      "median": 12.63719738124,
      "user": 7.528917419999999,
      "system": 2.1989352799999997,
      "min": 12.35048400824,
      "max": 13.11125809124,
      "times": [
        12.35048400824,
        12.56763972724,
        12.68104831924,
        12.63719738124,
        13.11125809124
      ],
      "exit_codes": [
        0,
        0,
        0,
        0,
        0
      ]
    },
    {
      "command": "aws",
      "mean": 72.33336220764001,
      "stddev": 0.18529386019501815,
      "median": 72.35908195824,
      "user": 12.79806202,
      "system": 3.30955668,
      "min": 71.99229834424,
      "max": 72.52613082324,
      "times": [
        72.35908195824,
        72.32390077524,
        72.46539913724,
        71.99229834424,
        72.52613082324
      ],
      "exit_codes": [
        0,
        0,
        0,
        0,
        0
      ]
    },
    {
      "command": "github",
      "mean": 85.36107992004,
      "stddev": 21.399381941073468,
      "median": 72.34787436424,
      "user": 13.540195219999998,
      "system": 3.6673666799999998,
      "min": 69.08732811124,
      "max": 126.22865656624,
      "times": [
        72.34787436424,
        87.26086222024,
        69.08732811124,
        126.22865656624,
        71.88067833824
      ],
      "exit_codes": [
        0,
        0,
        0,
        0,
        0
      ]
    }
  ]
}