{
  "results": [
    {
      "command": "npm",
      "mean": 4.53995587808,
      "stddev": 0.062403041210904064,
      "median": 4.51212722708,
      "user": 4.694861919999999,
      "system": 1.8872093999999997,
      "min": 4.46611566208,
      "max": 4.63705009208,
      "times": [
        4.49861903508,
        4.63705009208,
        4.58586737408,
        4.51212722708,
        4.46611566208
      ],
      "exit_codes": [
        0,
        0,
        0,
        0,
        0
      ]
    },
    {
      "command": "vlt",
      "mean": 4.53897210248,
      "stddev": 0.054704497479525466,
      "median": 4.52883526708,
      "user": 4.53096392,
      "system": 1.8828184000000001,
      "min": 4.46800278608,
      "max": 4.637161295079999,
      "times": [
        4.46800278608,
        4.52615985408,
        4.637161295079999,
        4.53470131008,
        4.52883526708
      ],
      "exit_codes": [
        0,
        0,
        0,
        0,
        0
      ]
    },
    {
      "command": "aws",
      "mean": 5.0612605426799995,
      "stddev": 0.12817793004440978,
      "median": 5.03375304608,
      "user": 4.520426719999999,
      "system": 1.9280899999999999,
      "min": 4.86983922508,
      "max": 5.23269801908,
      "times": [
        5.23269801908,
        5.16935846008,
        5.0006539630799995,
        5.03375304608,
        4.86983922508
      ],
      "exit_codes": [
        0,
        0,
        0,
        0,
        0
      ]
    },
    {
      "command": "github",
      "mean": 5.15035291208,
      "stddev": 0.06186791003952448,
      "median": 5.11063420908,
      "user": 5.110070519999999,
      "system": 1.993001,
      "min": 5.0867743140799995,
      "max": 5.24440162208,
      "times": [
        5.2030939920799995,
        5.11063420908,
        5.0867743140799995,
        5.10686042308,
        5.24440162208
      ],
      "exit_codes": [
        0,
        0,
        0,
        0,
        0
      ]
    }
  ]
}