{
  "results": [
    {
      "command": "npm",
      "mean": 4.7529034589600005,
      "stddev": 0.059127392003442775,
      "median": 4.7549545031600005,
      "user": 4.89427716,
      "system": 2.0081707,
      "min": 4.66988018216,
      "max": 4.83425927916,
      "times": [
        4.66988018216,
        4.7549545031600005,
        4.83425927916,
        4.79723316616,
        4.70819016416
      ],
      "exit_codes": [
        0,
        0,
        0,
        0,
        0
      ]
    },
    {
      "command": "vlt",
      "mean": 0,
      "stddev": 0,
      "median": 0,
      "user": 0,
      "system": 0,
      "min": 0,
      "max": 0,
      "times": [
        0
      ],
      "exit_codes": [
        1
      ]
    },
    {
      "command": "aws",
      "mean": 6.6970990737600005,
      "stddev": 0.8547240838907446,
      "median": 6.27502527816,
      "user": 4.70344696,
      "system": 1.9809478999999997,
      "min": 6.20220251716,
      "max": 8.40224456016,
      "times": [
        6.37905838816,
        6.22696462516,
        6.27502527816,
        6.20220251716,
        8.40224456016
      ],
      "exit_codes": [
        0,
        0,
        0,
        0,
        0
      ]
    },
    {
      "command": "github",
      "mean": 7.920000723560001,
      "stddev": 1.5134760791286346,
      "median": 7.30577960616,
      "user": 5.12893036,
      "system": 2.0406584999999997,
      "min": 6.48917347016,
      "max": 10.76307182216,
      "times": [
        6.48917347016,
        8.08091863716,
        10.76307182216,
        7.30577960616,
        6.96106008216
      ],
      "exit_codes": [
        0,
        0,
        0,
        0,
        0
      ]
    }
  ]
}