{
  "results": [
    {
      "command": "npm",
      "mean": 4.5057768542800005,
      "stddev": 0.07593640031108893,
      "median": 4.52077258748,
      "user": 4.6105719999999994,
      "system": 1.9156514999999998,
      "min": 4.384264823480001,
      "max": 4.61153079448,
      "times": [
        4.384264823480001,
        4.52077258748,
        4.5426097294800005,
        4.61153079448,
        4.46970633648
      ],
      "exit_codes": [
        0,
        0,
        0,
        0,
        0
      ]
    },
    {
      "command": "vlt",
      "mean": 4.40024996508,
      "stddev": 0.03543803794766475,
      "median": 4.4250934304800005,
      "user": 4.4811672,
      "system": 1.8936985,
      "min": 4.355259133480001,
      "max": 4.43422938148,
      "times": [
        4.43422938148,
        4.4250934304800005,
        4.35878226548,
        4.42788561448,
        4.355259133480001
      ],
      "exit_codes": [
        0,
        0,
        0,
        0,
        0
      ]
    },
    {
      "command": "aws",
      "mean": 6.01556512008,
      "stddev": 0.0543326921384092,
      "median": 6.02281362048,
      "user": 4.5809444,
      "system": 1.9500360999999997,
      "min": 5.9297883884800004,
      "max": 6.08299391448,
      "times": [
        6.08299391448,
        5.98408932248,
        5.9297883884800004,
        6.05814035448,
        6.02281362048
      ],
      "exit_codes": [
        0,
        0,
        0,
        0,
        0
      ]
    },
    {
      "command": "github",
      "mean": 7.08196767868,
      "stddev": 1.0830229907134121,
      "median": 7.37385729848,
      "user": 5.132858999999999,
      "system": 2.0334464999999997,
      "min": 5.410960809480001,
      "max": 8.68643110048,
      "times": [
        8.68643110048,
        5.410960809480001,
        7.4094861214800005,
        6.52910306348,
        7.37385729848
      ],
      "exit_codes": [
        0,
        0,
        0,
        0,
        0
      ]
    }
  ]
}