{
  "results": [
    {
      "command": "npm",
      "mean": 43.61611190784,
      "stddev": 0.8255516076871039,
      "median": 44.09339780084,
      "user": 22.323804253333332,
      "system": 6.736374426666665,
      "min": 42.45472749284,
      "max": 44.30021042984,
      "times": [
        42.45472749284,
        44.09339780084,
        44.30021042984
      ],
      "exit_codes": [
        0,
        0,
        0
      ]
    },
    {
      "command": "vlt",
      "mean": 40.22572416550667,
      "stddev": 1.194829313735714,
      "median": 39.62954305884,
      "user": 18.29241592,
      "system": 6.056737093333333,
      "min": 39.15456247784,
      "max": 41.89306695984,
      "times": [
        41.89306695984,
        39.62954305884,
        39.15456247784
      ],
      "exit_codes": [
        0,
        0,
        0
      ]
    },
    {
      "command": "aws",
      "mean": 185.11089819684,
      "stddev": 1.254370551363952,
      "median": 185.53167239383998,
      "user": 29.58846425333333,
      "system": 7.847220093333333,
      "min": 183.40807013584,
      "max": 186.39295206084,
      "times": [
        185.53167239383998,
        183.40807013584,
        186.39295206084
      ],
      "exit_codes": [
        0,
        0,
        0
      ]
    },
    {
      "command": "github",
      "mean": 279.84693306834004,
      "stddev": 5.665958242500011,
      "median": 279.84693306834004,
      "user": 27.005577253333332,
      "system": 6.80689876,
      "min": 274.18097482584,
      "max": 285.51289131084,
      "times": [
        274.18097482584,
        285.51289131084
      ],
      "exit_codes": [
        0,
        0
      ]
    }
  ]
}