{
  "results": [
    {
      "command": "npm",
      "mean": 48.78426063073999,
      "stddev": 1.4282338537525525,
      "median": 49.13870400674,
      "user": 23.45368772666666,
      "system": 7.095783606666667,
      "min": 46.88496016074,
      "max": 50.329117724739994,
      "times": [
        46.88496016074,
        50.329117724739994,
        49.13870400674
      ],
      "exit_codes": [
        0,
        0,
        0
      ]
    },
    {
      "command": "vlt",
      "mean": 44.479903430739995,
      "stddev": 2.48422638222925,
      "median": 43.675135419739995,
      "user": 19.00398939333333,
      "system": 6.437001606666667,
      "min": 41.92064390374,
      "max": 47.84393096874,
      "times": [
        47.84393096874,
        43.675135419739995,
        41.92064390374
      ],
      "exit_codes": [
        0,
        0,
        0
      ]
    },
    {
      "command": "aws",
      "mean": 167.22914303873998,
      "stddev": 3.6067186133320233,
      "median": 166.98258926474,
      "user": 30.013726393333332,
      "system": 8.442052939999998,
      "min": 162.94027337774,
      "max": 171.76456647374,
      "times": [
        171.76456647374,
        162.94027337774,
        166.98258926474
      ],
      "exit_codes": [
        0,
        0,
        0
      ]
    },
    {
      "command": "github",
      "mean": 0,
      "stddev": 0,
      "median": 0,
      "user": 0,
      "system": 0,
      "min": 0,
      "max": 0,
      "times": [
        0
      ],
      "exit_codes": [
        1
      ]
    }
  ]
}