{
  "results": [
    {
      "command": "npm",
      "mean": 37.897046509553334,
      "stddev": 1.531329299156166,
      "median": 38.39124770222,
      "user": 23.62501851333333,
      "system": 7.034924599999999,
      "min": 35.82394536022,
      "max": 39.47594646622,
      "times": [
        39.47594646622,
        35.82394536022,
        38.39124770222
      ],
      "exit_codes": [
        0,
        0,
        0
      ]
    },
    {
      "command": "vlt",
      "mean": 36.034988200553336,
      "stddev": 0.20173705394840422,
      "median": 35.94358586922,
      "user": 19.25475251333333,
      "system": 6.534056933333333,
      "min": 35.846636020220004,
      "max": 36.31474271222,
      "times": [
        35.94358586922,
        35.846636020220004,
        36.31474271222
      ],
      "exit_codes": [
        0,
        0,
        0
      ]
    },
    {
      "command": "aws",
      "mean": 152.75235477488664,
      "stddev": 0.9658384261970757,
      "median": 153.00138827022,
      "user": 30.16798551333333,
      "system": 8.1896386,
      "min": 151.46475912322,
      "max": 153.79091693121998,
      "times": [
        153.00138827022,
        151.46475912322,
        153.79091693121998
      ],
      "exit_codes": [
        0,
        0,
        0
      ]
    },
    {
      "command": "github",
      "mean": 114.89537056955332,
      "stddev": 6.286122725303752,
      "median": 117.05526449621999,
      "user": 30.989219179999996,
      "system": 8.887040933333331,
      "min": 106.34721417921999,
      "max": 121.28363303322,
      "times": [
        117.05526449621999,
        121.28363303322,
        106.34721417921999
      ],
      "exit_codes": [
        0,
        0,
        0
      ]
    }
  ]
}