{
  "results": [
    {
      "command": "npm",
      "mean": 42.63772395617334,
      "stddev": 1.0025281507412926,
      "median": 43.24706160884,
      "user": 22.86148432666667,
      "system": 6.648219086666667,
      "min": 41.22439613884,
      "max": 43.441714120840004,
      "times": [
        43.441714120840004,
        43.24706160884,
        41.22439613884
      ],
      "exit_codes": [
        0,
        0,
        0
      ]
    },
    {
      "command": "vlt",
      "mean": 0,
      "stddev": 0,
      "median": 0,
      "user": 0,
      "system": 0,
      "min": 0,
      "max": 0,
      "times": [
        0
      ],
      "exit_codes": [
        1
      ]
    },
    {
      "command": "aws",
      "mean": 163.49150516517332,
      "stddev": 1.980249413102298,
      "median": 164.24017560284,
      "user": 29.386220326666663,
      "system": 7.73321042,
      "min": 160.78014169684002,
      "max": 165.45419819584,
      "times": [
        160.78014169684002,
        164.24017560284,
        165.45419819584
      ],
      "exit_codes": [
        0,
        0,
        0
      ]
    },
    {
      "command": "github",
      "mean": 272.34031318684,
      "stddev": 0,
      "median": 272.34031318684,
      "user": 26.68183166,
      "system": 7.140517086666667,
      "min": 272.34031318684,
      "max": 272.34031318684,
      "times": [
        272.34031318684
      ],
      "exit_codes": [
        0
      ]
    }
  ]
}