{
  "results": [
    {
      "command": "npm",
      "mean": 27.8813383703,
      "stddev": 1.8259857022357393,
      "median": 27.7460787867,
      "user": 10.706407899999999,
      "system": 2.9360464399999997,
      "min": 25.8115675807,
      "max": 30.4700935457,
      "times": [
        25.8115675807,
        30.4700935457,
        26.0171128317,
        29.3618391067,
        27.7460787867
      ],
      "exit_codes": [
        0,
        0,
        0,
        0,
        0
      ]
    },
    {
      "command": "vlt",
      "mean": 13.1721803085,
      "stddev": 0.1654326808170828,
      "median": 13.148667896700001,
      "user": 6.6464367,
      "system": 2.01339064,
      "min": 12.8989516587,
      "max": 13.3612306617,
      "times": [
        13.125789814700001,
        12.8989516587,
        13.148667896700001,
        13.3262615107,
        13.3612306617
      ],
      "exit_codes": [
        0,
        0,
        0,
        0,
        0
      ]
    },
    {
      "command": "aws",
      "mean": 82.73593055929999,
      "stddev": 0.4110284502512821,
      "median": 82.67009152569999,
      "user": 11.8184559,
      "system": 3.1082246399999995,
      "min": 82.16512280069999,
      "max": 83.3556392977,
      "times": [
        83.3556392977,
        82.48907304069999,
        82.16512280069999,
        82.67009152569999,
        82.99972613169999
      ],
      "exit_codes": [
        0,
        0,
        0,
        0,
        0
      ]
    },
    {
      "command": "github",
      "mean": 60.6520087043,
      "stddev": 6.147263507218018,
      "median": 59.0905807527,
      "user": 12.673408499999999,
      "system": 3.60172704,
      "min": 55.4395997717,
      "max": 72.34574216969999,
      "times": [
        72.34574216969999,
        60.4823535677,
        55.4395997717,
        59.0905807527,
        55.9017672597
      ],
      "exit_codes": [
        0,
        0,
        0,
        0,
        0
      ]
    }
  ]
}