{
  "results": [
    {
      "command": "npm",
      "mean": 28.78681723210667,
      "stddev": 0.4269075457254921,
      "median": 28.610142298440003,
      "user": 22.59596729333333,
      "system": 13.093780906666666,
      "min": 28.37519014544,
      "max": 29.37511925244,
      "times": [
        29.37511925244,
        28.37519014544,
        28.610142298440003
      ],
      "exit_codes": [
        0,
        0,
        0
      ]
    },
    {
      "command": "vlt",
      "mean": 28.209814723773334,
      "stddev": 0.30285284826223513,
      "median": 28.238085866440002,
      "user": 23.200700959999995,
      "system": 13.157336906666666,
      "min": 27.82557061644,
      "max": 28.56578768844,
      "times": [
        27.82557061644,
        28.238085866440002,
        28.56578768844
      ],
      "exit_codes": [
        0,
        0,
        0
      ]
    },
    {
      "command": "aws",
      "mean": 28.290302330773333,
      "stddev": 0.06069906764521698,
      "median": 28.29624132444,
      "user": 23.118937626666664,
      "system": 13.108136573333331,
      "min": 28.213170097440003,
      "max": 28.361495570440002,
      "times": [
        28.361495570440002,
        28.29624132444,
        28.213170097440003
      ],
      "exit_codes": [
        0,
        0,
        0
      ]
    },
    {
      "command": "github",
      "mean": 30.089381359773338,
      "stddev": 0.2942628234741202,
      "median": 29.934311878440003,
      "user": 24.404514959999997,
      "system": 13.377013239999998,
      "min": 29.83247476644,
      "max": 30.501357434440003,
      "times": [
        30.501357434440003,
        29.83247476644,
        29.934311878440003
      ],
      "exit_codes": [
        0,
        0,
        0
      ]
    }
  ]
}