{
  "results": [
    {
      "command": "npm",
      "mean": 33.878171255880005,
      "stddev": 1.050849272217434,
      "median": 34.09699049388,
      "user": 23.626188279999997,
      "system": 13.949706726666667,
      "min": 32.49576717688,
      "max": 35.04175609688,
      "times": [
        35.04175609688,
        34.09699049388,
        32.49576717688
      ],
      "exit_codes": [
        0,
        0,
        0
      ]
    },
    {
      "command": "vlt",
      "mean": 33.81677717488,
      "stddev": 3.276532755719932,
      "median": 35.69772492488,
      "user": 23.967139946666663,
      "system": 13.777698059999999,
      "min": 29.208875451879997,
      "max": 36.54373114788,
      "times": [
        29.208875451879997,
        35.69772492488,
        36.54373114788
      ],
      "exit_codes": [
        0,
        0,
        0
      ]
    },
    {
      "command": "aws",
      "mean": 29.24042915421333,
      "stddev": 1.0653033120268305,
      "median": 29.47184303388,
      "user": 23.37792161333333,
      "system": 13.660153393333333,
      "min": 27.83548118488,
      "max": 30.413963243879998,
      "times": [
        27.83548118488,
        29.47184303388,
        30.413963243879998
      ],
      "exit_codes": [
        0,
        0,
        0
      ]
    },
    {
      "command": "github",
      "mean": 140.16865110138002,
      "stddev": 111.37996765850001,
      "median": 140.16865110138002,
      "user": 39.58315794666667,
      "system": 12.781168393333331,
      "min": 28.78868344288,
      "max": 251.54861875988001,
      "times": [
        251.54861875988001,
        28.78868344288
      ],
      "exit_codes": [
        0,
        0
      ]
    }
  ]
}