{
  "results": [
    {
      "command": "npm",
      "mean": 36.89059495376,
      "stddev": 1.1880850149467062,
      "median": 37.24929362976,
      "user": 23.826738573333333,
      "system": 6.898689126666667,
      "min": 35.28968997176,
      "max": 38.13280125976,
      "times": [
        38.13280125976,
        37.24929362976,
        35.28968997176
      ],
      "exit_codes": [
        0,
        0,
        0
      ]
    },
    {
      "command": "vlt",
      "mean": 45.52933546576,
      "stddev": 0.8834983688595293,
      "median": 45.05264736876,
      "user": 20.01752090666667,
      "system": 6.435077126666666,
      "min": 44.76746433976,
      "max": 46.767894688759995,
      "times": [
        46.767894688759995,
        44.76746433976,
        45.05264736876
      ],
      "exit_codes": [
        0,
        0,
        0
      ]
    },
    {
      "command": "aws",
      "mean": 159.00328027576003,
      "stddev": 1.2907551402376893,
      "median": 158.72678123376002,
      "user": 31.030111906666672,
      "system": 8.16236646,
      "min": 157.57892477376,
      "max": 160.70413481976001,
      "times": [
        160.70413481976001,
        157.57892477376,
        158.72678123376002
      ],
      "exit_codes": [
        0,
        0,
        0
      ]
    },
    {
      "command": "github",
      "mean": 222.93568962676,
      "stddev": 24.42246850539325,
      "median": 230.58963466076,
      "user": 32.09403757333333,
      "system": 8.865057460000001,
      "min": 189.94112728976,
      "max": 248.27630692976,
      "times": [
        189.94112728976,
        230.58963466076,
        248.27630692976
      ],
      "exit_codes": [
        0,
        0,
        0
      ]
    }
  ]
}