{
  "results": [
    {
      "command": "npm",
      "mean": 48.34731592459334,
      "stddev": 1.8564155116123013,
      "median": 49.40677455226,
      "user": 23.18930547333333,
      "system": 7.032002186666666,
      "min": 45.737303363260004,
      "max": 49.89786985826,
      "times": [
        49.89786985826,
        49.40677455226,
        45.737303363260004
      ],
      "exit_codes": [
        0,
        0,
        0
      ]
    },
    {
      "command": "vlt",
      "mean": 42.30486925592667,
      "stddev": 0.5745963927770182,
      "median": 42.706603149260005,
      "user": 18.76370314,
      "system": 6.49690352,
      "min": 41.492284293260006,
      "max": 42.71572032526,
      "times": [
        42.71572032526,
        41.492284293260006,
        42.706603149260005
      ],
      "exit_codes": [
        0,
        0,
        0
      ]
    },
    {
      "command": "aws",
      "mean": 172.57026296326,
      "stddev": 4.01484029392814,
      "median": 170.83157218226,
      "user": 31.38401047333333,
      "system": 8.399678186666668,
      "min": 168.75867579126,
      "max": 178.12054091625998,
      "times": [
        168.75867579126,
        170.83157218226,
        178.12054091625998
      ],
      "exit_codes": [
        0,
        0,
        0
      ]
    },
    {
      "command": "github",
      "mean": 140.62416811692665,
      "stddev": 0.5958084167840495,
      "median": 140.61880757526,
      "user": 33.45661014,
      "system": 9.144167853333334,
      "min": 139.89714985226,
      "max": 141.35654692326,
      "times": [
        140.61880757526,
        139.89714985226,
        141.35654692326
      ],
      "exit_codes": [
        0,
        0,
        0
      ]
    }
  ]
}