{
  "results": [
    {
      "command": "npm",
      "mean": 7.096858198759999,
      "stddev": 0.11342079178022012,
      "median": 7.07400152396,
      "user": 6.1710649,
      "system": 3.27933594,
      "min": 6.94714451396,
      "max": 7.29700635796,
      "times": [
        7.07400152396,
        6.94714451396,
        7.29700635796,
        7.06132979696,
        7.10480880096
      ],
      "exit_codes": [
        0,
        0,
        0,
        0,
        0
      ]
    },
    {
      "command": "vlt",
      "mean": 7.03515489156,
      "stddev": 0.06295826581015966,
      "median": 7.0379512239599995,
      "user": 6.1744727,
      "system": 3.28782834,
      "min": 6.93579912096,
      "max": 7.11995013296,
      "times": [
        7.00443168696,
        7.11995013296,
        7.07764229296,
        7.0379512239599995,
        6.93579912096
      ],
      "exit_codes": [
        0,
        0,
        0,
        0,
        0
      ]
    },
    {
      "command": "aws",
      "mean": 7.688885660359999,
      "stddev": 0.05660078766926282,
      "median": 7.6724645879599995,
      "user": 6.4281537,
      "system": 3.26427714,
      "min": 7.62101089696,
      "max": 7.75641195096,
      "times": [
        7.75641195096,
        7.6724645879599995,
        7.62101089696,
        7.64052009396,
        7.75402077196
      ],
      "exit_codes": [
        0,
        0,
        0,
        0,
        0
      ]
    },
    {
      "command": "github",
      "mean": 7.620618719160001,
      "stddev": 0.12837324934178132,
      "median": 7.64100180896,
      "user": 6.4932293,
      "system": 3.3465035400000005,
      "min": 7.4762381829599995,
      "max": 7.82790887796,
      "times": [
        7.82790887796,
        7.49324255996,
        7.64100180896,
        7.66470216596,
        7.4762381829599995
      ],
      "exit_codes": [
        0,
        0,
        0,
        0,
        0
      ]
    }
  ]
}