{
  "results": [
    {
      "command": "npm",
      "mean": 1.3181598293,
      "stddev": 0.014976178566190691,
      "median": 1.3196618499,
      "user": 1.31805398,
      "system": 0.49346689999999993,
      "min": 1.2934825819,
      "max": 1.3397062949,
      "times": [
        1.3397062949,
        1.2934825819,
        1.3142503129,
        1.3236981069,
        1.3196618499
      ],
      "exit_codes": [
        0,
        0,
        0,
        0,
        0
      ]
    },
    {
      "command": "vlt",
      "mean": 1.7486279983,
      "stddev": 0.6075491210143901,
      "median": 1.2718916219,
      "user": 1.27511098,
      "system": 0.4679337,
      "min": 1.2506937499,
      "max": 2.6427768579,
      "times": [
        2.3216268669,
        1.2506937499,
        1.2561508949,
        2.6427768579,
        1.2718916219
      ],
      "exit_codes": [
        0,
        0,
        0,
        0,
        0
      ]
    },
    {
      "command": "aws",
      "mean": 1.3346419220999999,
      "stddev": 0.04008169391246833,
      "median": 1.3576965959,
      "user": 1.2547341800000003,
      "system": 0.44848530000000003,
      "min": 1.2703531269,
      "max": 1.3723872919,
      "times": [
        1.3723872919,
        1.3576965959,
        1.3675098029,
        1.2703531269,
        1.3052627929
      ],
      "exit_codes": [
        0,
        0,
        0,
        0,
        0
      ]
    },
    {
      "command": "github",
      "mean": 1.4794139391,
      "stddev": 0.10717520242583063,
      "median": 1.4117022469,
      "user": 1.40556178,
      "system": 0.4629256999999999,
      "min": 1.3952578929,
      "max": 1.6796365289000001,
      "times": [
        1.4117022469,
        1.6796365289000001,
        1.4077637559,
        1.3952578929,
        1.5027092709
      ],
      "exit_codes": [
        0,
        0,
        0,
        0,
        0
      ]
    }
  ]
}