{
  "results": [
    {
      "command": "npm",
      "mean": 22.42995892342,
      "stddev": 1.68839510220848,
      "median": 22.496094278020003,
      "user": 12.93537652,
      "system": 3.28414984,
      "min": 19.458829559020003,
      "max": 24.18944312002,
      "times": [
        24.18944312002,
        22.089060308020002,
        23.916367352020004,
        22.496094278020003,
        19.458829559020003
      ],
      "exit_codes": [
        0,
        0,
        0,
        0,
        0
      ]
    },
    {
      "command": "vlt",
      "mean": 15.311307272619999,
      "stddev": 0.09693442691319971,
      "median": 15.34715315202,
      "user": 8.500730319999999,
      "system": 2.43720844,
      "min": 15.13709731502,
      "max": 15.42555928702,
      "times": [
        15.34715315202,
        15.42555928702,
        15.29171555102,
        15.13709731502,
        15.35501105802
      ],
      "exit_codes": [
        0,
        0,
        0,
        0,
        0
      ]
    },
    {
      "command": "aws",
      "mean": 103.30071914602001,
      "stddev": 0.8417086950474907,
      "median": 103.32684449202,
      "user": 17.27227312,
      "system": 4.28454344,
      "min": 102.21526499702,
      "max": 104.59164494702,
      "times": [
        103.32684449202,
        102.21526499702,
        104.59164494702,
        103.76378435502001,
        102.60605693902001
      ],
      "exit_codes": [
        0,
        0,
        0,
        0,
        0
      ]
    },
    {
      "command": "github",
      "mean": 139.37503314862,
      "stddev": 12.648285688575541,
      "median": 138.14610142002,
      "user": 17.85925012,
      "system": 4.78191004,
      "min": 124.85563233102,
      "max": 162.14966543002,
      "times": [
        138.14610142002,
        124.85563233102,
        131.16060359002,
        140.56316297202,
        162.14966543002
      ],
      "exit_codes": [
        0,
        0,
        0,
        0,
        0
      ]
    }
  ]
}