{
  "results": [
    {
      "command": "npm",
      "mean": 28.29044754688,
      "stddev": 2.146026504362162,
      "median": 27.39865015468,
      "user": 11.997793640000001,
      "system": 3.1514120599999993,
      "min": 25.93654720668,
      "max": 31.994464779679998,
      "times": [
        26.86416053868,
        31.994464779679998,
        25.93654720668,
        27.39865015468,
        29.25841505468
      ],
      "exit_codes": [
        0,
        0,
        0,
        0,
        0
      ]
    },
    {
      "command": "vlt",
      "mean": 0,
      "stddev": 0,
      "median": 0,
      "user": 0,
      "system": 0,
      "min": 0,
      "max": 0,
      "times": [
        0
      ],
      "exit_codes": [
        1
      ]
    },
    {
      "command": "aws",
      "mean": 87.79165446568001,
      "stddev": 0.572961132350367,
      "median": 88.09015228468,
      "user": 13.07675964,
      "system": 3.35147086,
      "min": 86.79793182968001,
      "max": 88.31473721968001,
      "times": [
        88.24948123568001,
        88.09015228468,
        86.79793182968001,
        87.50596975868001,
        88.31473721968001
      ],
      "exit_codes": [
        0,
        0,
        0,
        0,
        0
      ]
    },
    {
      "command": "github",
      "mean": 107.78303826668,
      "stddev": 2.937887497064511,
      "median": 108.37602107268,
      "user": 13.62915744,
      "system": 3.6943406599999995,
      "min": 103.22630830068,
      "max": 111.28007751668001,
      "times": [
        111.28007751668001,
        103.22630830068,
        108.37602107268,
        105.81385885268,
        110.21892559068
      ],
      "exit_codes": [
        0,
        0,
        0,
        0,
        0
      ]
    }
  ]
}