{
  "results": [
    {
      "command": "npm",
      "mean": 31.25377795663333,
      "stddev": 2.497656069216706,
      "median": 30.3629697023,
      "user": 23.52357901333333,
      "system": 13.34658582,
      "min": 28.7390681923,
      "max": 34.6592959753,
      "times": [
        30.3629697023,
        34.6592959753,
        28.7390681923
      ],
      "exit_codes": [
        0,
        0,
        0
      ]
    },
    {
      "command": "vlt",
      "mean": 0,
      "stddev": 0,
      "median": 0,
      "user": 0,
      "system": 0,
      "min": 0,
      "max": 0,
      "times": [
        0
      ],
      "exit_codes": [
        1
      ]
    },
    {
      "command": "aws",
      "mean": 116.10274218263335,
      "stddev": 120.41122356987596,
      "median": 31.1630654163,
      "user": 35.28492601333333,
      "system": 14.76011515333333,
      "min": 30.7553961753,
      "max": 286.38976495630004,
      "times": [
        286.38976495630004,
        31.1630654163,
        30.7553961753
      ],
      "exit_codes": [
        0,
        0,
        0
      ]
    },
    {
      "command": "github",
      "mean": 0,
      "stddev": 0,
      "median": 0,
      "user": 0,
      "system": 0,
      "min": 0,
      "max": 0,
      "times": [
        0
      ],
      "exit_codes": [
        1
      ]
    }
  ]
}