{
  "results": [
    {
      "command": "npm",
      "mean": 70.25377918372666,
      "stddev": 7.525967394256237,
      "median": 74.30579269206,
      "user": 25.530376106666665,
      "system": 6.857132906666666,
      "min": 59.704500304060005,
      "max": 76.75104455505999,
      "times": [
        59.704500304060005,
        74.30579269206,
        76.75104455505999
      ],
      "exit_codes": [
        0,
        0,
        0
      ]
    },
    {
      "command": "vlt",
      "mean": 0,
      "stddev": 0,
      "median": 0,
      "user": 0,
      "system": 0,
      "min": 0,
      "max": 0,
      "times": [
        0
      ],
      "exit_codes": [
        1
      ]
    },
    {
      "command": "aws",
      "mean": 147.33602883239334,
      "stddev": 2.246563064856292,
      "median": 146.20808173606,
      "user": 30.06513477333333,
      "system": 7.9233312399999996,
      "min": 145.32777184706,
      "max": 150.47223291406,
      "times": [
        150.47223291406,
        146.20808173606,
        145.32777184706
      ],
      "exit_codes": [
        0,
        0,
        0
      ]
    },
    {
      "command": "github",
      "mean": 178.21128980306,
      "stddev": 7.919458219656371,
      "median": 182.44236236006,
      "user": 31.907520106666663,
      "system": 8.708368906666665,
      "min": 167.11520529506,
      "max": 185.07630175405998,
      "times": [
        185.07630175405998,
        167.11520529506,
        182.44236236006
      ],
      "exit_codes": [
        0,
        0,
        0
      ]
    }
  ]
}