{
  "results": [
    {
      "command": "npm",
      "mean": 1.29663990274,
      "stddev": 0.019195058494419888,
      "median": 1.30349658474,
      "user": 1.3205171999999998,
      "system": 0.47671001999999996,
      "min": 1.26282735874,
      "max": 1.32015260574,
      "times": [
        1.30349658474,
        1.26282735874,
        1.29153600574,
        1.30518695874,
        1.32015260574
      ],
      "exit_codes": [
        0,
        0,
        0,
        0,
        0
      ]
    },
    {
      "command": "vlt",
      "mean": 0,
      "stddev": 0,
      "median": 0,
      "user": 0,
      "system": 0,
      "min": 0,
      "max": 0,
      "times": [
        0
      ],
      "exit_codes": [
        1
      ]
    },
    {
      "command": "aws",
      "mean": 1.3293762491399999,
      "stddev": 0.017089226971317355,
      "median": 1.33272682574,
      "user": 1.2369153999999998,
      "system": 0.45581401999999993,
      "min": 1.30093636174,
      "max": 1.34722812574,
      "times": [
        1.34514558574,
        1.34722812574,
        1.33272682574,
        1.30093636174,
        1.32084434674
      ],
      "exit_codes": [
        0,
        0,
        0,
        0,
        0
      ]
    },
    {
      "command": "github",
      "mean": 1.55711940694,
      "stddev": 0.1527251331808638,
      "median": 1.45593568574,
      "user": 1.410807,
      "system": 0.46778221999999997,
      "min": 1.41916211974,
      "max": 1.81312403274,
      "times": [
        1.81312403274,
        1.6527883037400002,
        1.41916211974,
        1.45593568574,
        1.44458689274
      ],
      "exit_codes": [
        0,
        0,
        0,
        0,
        0
      ]
    }
  ]
}