{
  "results": [
    {
      "command": "npm",
      "mean": 24.21529851656,
      "stddev": 1.3764365458144665,
      "median": 24.56763461776,
      "user": 13.669804199999996,
      "system": 3.5067754399999997,
      "min": 22.121148441760003,
      "max": 26.22259780076,
      "times": [
        24.75292550476,
        26.22259780076,
        23.412186217760002,
        22.121148441760003,
        24.56763461776
      ],
      "exit_codes": [
        0,
        0,
        0,
        0,
        0
      ]
    },
    {
      "command": "vlt",
      "mean": 0,
      "stddev": 0,
      "median": 0,
      "user": 0,
      "system": 0,
      "min": 0,
      "max": 0,
      "times": [
        0
      ],
      "exit_codes": [
        1
      ]
    },
    {
      "command": "aws",
      "mean": 104.25622474776,
      "stddev": 0.6061424838077953,
      "median": 104.10463400776,
      "user": 17.1215976,
      "system": 4.30170224,
      "min": 103.50824669676,
      "max": 105.28793324275999,
      "times": [
        103.50824669676,
        103.88895747976,
        104.10463400776,
        105.28793324275999,
        104.49135231176
      ],
      "exit_codes": [
        0,
        0,
        0,
        0,
        0
      ]
    },
    {
      "command": "github",
      "mean": 139.70720664156002,
      "stddev": 15.056498412953816,
      "median": 133.51872875576,
      "user": 17.7184502,
      "system": 4.74919084,
      "min": 119.83924596976,
      "max": 163.48594463676,
      "times": [
        119.83924596976,
        132.70863528176,
        133.51872875576,
        148.98347856376,
        163.48594463676
      ],
      "exit_codes": [
        0,
        0,
        0,
        0,
        0
      ]
    }
  ]
}