{
  "results": [
    {
      "command": "npm",
      "mean": 4.415704892439999,
      "stddev": 0.06789001345995506,
      "median": 4.40289223244,
      "user": 4.486801379999999,
      "system": 1.8765861000000001,
      "min": 4.31870124644,
      "max": 4.52714053144,
      "times": [
        4.39195851644,
        4.437831935439999,
        4.31870124644,
        4.52714053144,
        4.40289223244
      ],
      "exit_codes": [
        0,
        0,
        0,
        0,
        0
      ]
    },
    {
      "command": "vlt",
      "mean": 0,
      "stddev": 0,
      "median": 0,
      "user": 0,
      "system": 0,
      "min": 0,
      "max": 0,
      "times": [
        0
      ],
      "exit_codes": [
        1
      ]
    },
    {
      "command": "aws",
      "mean": 5.14667428844,
      "stddev": 0.057967891666630675,
      "median": 5.11778019344,
      "user": 4.5865513799999995,
      "system": 1.9240478999999997,
      "min": 5.07397718044,
      "max": 5.2212664124399994,
      "times": [
        5.20892413044,
        5.2212664124399994,
        5.111423525439999,
        5.11778019344,
        5.07397718044
      ],
      "exit_codes": [
        0,
        0,
        0,
        0,
        0
      ]
    },
    {
      "command": "github",
      "mean": 6.09397668104,
      "stddev": 0.6623198168953603,
      "median": 6.030175166439999,
      "user": 4.998524779999999,
      "system": 2.0480731,
      "min": 5.03683200644,
      "max": 6.80743142444,
      "times": [
        6.80743142444,
        5.807992941439999,
        6.030175166439999,
        5.03683200644,
        6.78745186644
      ],
      "exit_codes": [
        0,
        0,
        0,
        0,
        0
      ]
    }
  ]
}