{
  "results": [
    {
      "command": "npm",
      "mean": 28.84482435047333,
      "stddev": 0.6573554777067732,
      "median": 29.061393002139997,
      "user": 23.502186546666668,
      "system": 13.093406880000002,
      "min": 27.95359823214,
      "max": 29.519481817139997,
      "times": [
        27.95359823214,
        29.519481817139997,
        29.061393002139997
      ],
      "exit_codes": [
        0,
        0,
        0
      ]
    },
    {
      "command": "vlt",
      "mean": 29.239714089806665,
      "stddev": 0.4143610223155821,
      "median": 29.135021526139997,
      "user": 23.464502879999998,
      "system": 12.927617213333335,
      "min": 28.79273864614,
      "max": 29.791382097139998,
      "times": [
        29.791382097139998,
        29.135021526139997,
        28.79273864614
      ],
      "exit_codes": [
        0,
        0,
        0
      ]
    },
    {
      "command": "aws",
      "mean": 28.807033824806666,
      "stddev": 0.5595552213103663,
      "median": 28.44909587114,
      "user": 23.06399421333333,
      "system": 12.956439213333335,
      "min": 28.374804483139997,
      "max": 29.59720112014,
      "times": [
        28.44909587114,
        28.374804483139997,
        29.59720112014
      ],
      "exit_codes": [
        0,
        0,
        0
      ]
    },
    {
      "command": "github",
      "mean": 30.755669311806667,
      "stddev": 0.1299888679616813,
      "median": 30.68910899714,
      "user": 24.47074621333333,
      "system": 12.99067488,
      "min": 30.64054814814,
      "max": 30.93735079014,
      "times": [
        30.68910899714,
        30.93735079014,
        30.64054814814
      ],
      "exit_codes": [
        0,
        0,
        0
      ]
    }
  ]
}