{
  "results": [
    {
      "command": "npm",
      "mean": 30.599036399966664,
      "stddev": 0.4206954795800866,
      "median": 30.5096594863,
      "user": 24.216356973333333,
      "system": 13.876449606666666,
      "min": 30.1343273153,
      "max": 31.1531223983,
      "times": [
        30.5096594863,
        30.1343273153,
        31.1531223983
      ],
      "exit_codes": [
        0,
        0,
        0
      ]
    },
    {
      "command": "vlt",
      "mean": 29.8064444443,
      "stddev": 0.3467958520255203,
      "median": 29.8422009813,
      "user": 24.168850306666666,
      "system": 13.627513273333333,
      "min": 29.3649600533,
      "max": 30.2121722983,
      "times": [
        29.3649600533,
        29.8422009813,
        30.2121722983
      ],
      "exit_codes": [
        0,
        0,
        0
      ]
    },
    {
      "command": "aws",
      "mean": 30.52095572163333,
      "stddev": 0.09024291530587844,
      "median": 30.5683554943,
      "user": 24.45957097333333,
      "system": 13.56527494,
      "min": 30.3946370173,
      "max": 30.5998746533,
      "times": [
        30.5998746533,
        30.3946370173,
        30.5683554943
      ],
      "exit_codes": [
        0,
        0,
        0
      ]
    },
    {
      "command": "github",
      "mean": 31.309289022633333,
      "stddev": 0.16940100029633534,
      "median": 31.3459960663,
      "user": 25.68828797333333,
      "system": 14.158126606666665,
      "min": 31.0859123483,
      "max": 31.4959586533,
      "times": [
        31.0859123483,
        31.3459960663,
        31.4959586533
      ],
      "exit_codes": [
        0,
        0,
        0
      ]
    }
  ]
}