{
  "results": [
    {
      "command": "npm",
      "mean": 30.59993306856667,
      "stddev": 0.3976026874014979,
      "median": 30.6218223149,
      "user": 24.73626748,
      "system": 13.752707593333334,
      "min": 30.1023957089,
      "max": 31.075581181900002,
      "times": [
        30.1023957089,
        30.6218223149,
        31.075581181900002
      ],
      "exit_codes": [
        0,
        0,
        0
      ]
    },
    {
      "command": "vlt",
      "mean": 30.140246749233338,
      "stddev": 0.36892779685689636,
      "median": 30.361708826900003,
      "user": 24.87159848,
      "system": 13.56716626,
      "min": 29.620397768900002,
      "max": 30.438633651900002,
      "times": [
        29.620397768900002,
        30.438633651900002,
        30.361708826900003
      ],
      "exit_codes": [
        0,
        0,
        0
      ]
    },
    {
      "command": "aws",
      "mean": 115.50265296423335,
      "stddev": 118.48384402263399,
      "median": 32.3117189389,
      "user": 38.09823648,
      "system": 15.050629926666666,
      "min": 31.133508622900003,
      "max": 283.0627313309,
      "times": [
        283.0627313309,
        32.3117189389,
        31.133508622900003
      ],
      "exit_codes": [
        0,
        0,
        0
      ]
    },
    {
      "command": "github",
      "mean": 0,
      "stddev": 0,
      "median": 0,
      "user": 0,
      "system": 0,
      "min": 0,
      "max": 0,
      "times": [
        0
      ],
      "exit_codes": [
        1
      ]
    }
  ]
}