{
  "results": [
    {
      "command": "npm",
      "mean": 1.27236489176,
      "stddev": 0.008066874379309334,
      "median": 1.26706425736,
      "user": 1.30111482,
      "system": 0.47690082,
      "min": 1.26619666336,
      "max": 1.28728063536,
      "times": [
        1.26619666336,
        1.27456628536,
        1.26671661736,
        1.28728063536,
        1.26706425736
      ],
      "exit_codes": [
        0,
        0,
        0,
        0,
        0
      ]
    },
    {
      "command": "vlt",
      "mean": 1.83642462716,
      "stddev": 0.6975091579454852,
      "median": 1.31004122136,
      "user": 1.26747722,
      "system": 0.45692341999999997,
      "min": 1.22627830836,
      "max": 2.8356243123600002,
      "times": [
        1.31004122136,
        1.28243110236,
        2.8356243123600002,
        2.52774819136,
        1.22627830836
      ],
      "exit_codes": [
        0,
        0,
        0,
        0,
        0
      ]
    },
    {
      "command": "aws",
      "mean": 1.3005390063599997,
      "stddev": 0.0075677007851849346,
      "median": 1.2971433583599998,
      "user": 1.2207714199999997,
      "system": 0.43935362,
      "min": 1.2924489533599999,
      "max": 1.3143003253599999,
      "times": [
        1.30235144936,
        1.2971433583599998,
        1.29645094536,
        1.2924489533599999,
        1.3143003253599999
      ],
      "exit_codes": [
        0,
        0,
        0,
        0,
        0
      ]
    },
    {
      "command": "github",
      "mean": 1.41821829076,
      "stddev": 0.03255239236096045,
      "median": 1.40540666536,
      "user": 1.35817962,
      "system": 0.49653181999999996,
      "min": 1.38977099236,
      "max": 1.48176987136,
      "times": [
        1.48176987136,
        1.38977099236,
        1.40273491036,
        1.40540666536,
        1.41140901436
      ],
      "exit_codes": [
        0,
        0,
        0,
        0,
        0
      ]
    }
  ]
}