{
  "results": [
    {
      "command": "npm",
      "mean": 1.27544186248,
      "stddev": 0.02441928961279632,
      "median": 1.27163164488,
      "user": 1.26184564,
      "system": 0.45710564,
      "min": 1.23571354988,
      "max": 1.30150526088,
      "times": [
        1.30150526088,
        1.27163164488,
        1.2674961868799999,
        1.23571354988,
        1.3008626698799999
      ],
      "exit_codes": [
        0,
        0,
        0,
        0,
        0
      ]
    },
    {
      "command": "vlt",
      "mean": 1.17906381068,
      "stddev": 0.023163179399307114,
      "median": 1.18972721488,
      "user": 1.17147144,
      "system": 0.42730403999999994,
      "min": 1.13632982188,
      "max": 1.1985027208799999,
      "times": [
        1.13632982188,
        1.17343997488,
        1.1985027208799999,
        1.18972721488,
        1.19731932088
      ],
      "exit_codes": [
        0,
        0,
        0,
        0,
        0
      ]
    },
    {
      "command": "aws",
      "mean": 1.35751500748,
      "stddev": 0.10342048329329795,
      "median": 1.33067154888,
      "user": 1.1707796400000001,
      "system": 0.41329583999999997,
      "min": 1.27002468788,
      "max": 1.5574911538799998,
      "times": [
        1.5574911538799998,
        1.34158329888,
        1.33067154888,
        1.28780434788,
        1.27002468788
      ],
      "exit_codes": [
        0,
        0,
        0,
        0,
        0
      ]
    },
    {
      "command": "github",
      "mean": 1.40686730948,
      "stddev": 0.01624484618301816,
      "median": 1.40860992488,
      "user": 1.30478104,
      "system": 0.45009464,
      "min": 1.38721334688,
      "max": 1.42614667788,
      "times": [
        1.38948703588,
        1.42287956188,
        1.42614667788,
        1.40860992488,
        1.38721334688
      ],
      "exit_codes": [
        0,
        0,
        0,
        0,
        0
      ]
    }
  ]
}