{
  "results": [
    {
      "command": "npm",
      "mean": 1.3258452483799998,
      "stddev": 0.014598829663451985,
      "median": 1.32242886698,
      "user": 1.3230681399999997,
      "system": 0.49294826,
      "min": 1.31008931698,
      "max": 1.35187097398,
      "times": [
        1.31008931698,
        1.32966026398,
        1.35187097398,
        1.32242886698,
        1.31517681998
      ],
      "exit_codes": [
        0,
        0,
        0,
        0,
        0
      ]
    },
    {
      "command": "vlt",
      "mean": 1.2587082279800001,
      "stddev": 0.010246334832982857,
      "median": 1.25211142398,
      "user": 1.24120034,
      "system": 0.47326725999999997,
      "min": 1.24822995298,
      "max": 1.27513321998,
      "times": [
        1.27513321998,
        1.25190469698,
        1.24822995298,
        1.26616184598,
        1.25211142398
      ],
      "exit_codes": [
        0,
        0,
        0,
        0,
        0
      ]
    },
    {
      "command": "aws",
      "mean": 1.39946534798,
      "stddev": 0.052361612033226514,
      "median": 1.38545721298,
      "user": 1.23276594,
      "system": 0.45699866,
      "min": 1.36029053698,
      "max": 1.50137805498,
      "times": [
        1.38931847998,
        1.50137805498,
        1.38545721298,
        1.36029053698,
        1.36088245498
      ],
      "exit_codes": [
        0,
        0,
        0,
        0,
        0
      ]
    },
    {
      "command": "github",
      "mean": 1.51196868778,
      "stddev": 0.0059641442221669925,
      "median": 1.5124095099800001,
      "user": 1.41155194,
      "system": 0.5027728600000001,
      "min": 1.50275610298,
      "max": 1.51970606698,
      "times": [
        1.51970606698,
        1.5165099959800001,
        1.50275610298,
        1.50846176298,
        1.5124095099800001
      ],
      "exit_codes": [
        0,
        0,
        0,
        0,
        0
      ]
    }
  ]
}