{
  "results": [
    {
      "command": "npm",
      "mean": 4.996568637699999,
      "stddev": 0.23369354829969505,
      "median": 5.0108763317000005,
      "user": 3.0327964799999996,
      "system": 0.8873335599999999,
      "min": 4.6336661207,
      "max": 5.3308056207000005,
      "times": [
        4.8826216087,
        5.3308056207000005,
        5.0108763317000005,
        5.1248735067,
        4.6336661207
      ],
      "exit_codes": [
        0,
        0,
        0,
        0,
        0
      ]
    },
    {
      "command": "vlt",
      "mean": 4.0495602861,
      "stddev": 0.7321681108735815,
      "median": 3.6712335347000002,
      "user": 2.05830208,
      "system": 0.5783007600000001,
      "min": 3.3537155297,
      "max": 4.9772028617,
      "times": [
        4.8915130977,
        4.9772028617,
        3.3537155297,
        3.3541364067000004,
        3.6712335347000002
      ],
      "exit_codes": [
        0,
        0,
        0,
        0,
        0
      ]
    },
    {
      "command": "aws",
      "mean": 17.8916406951,
      "stddev": 0.6210053291518404,
      "median": 17.7750085217,
      "user": 3.3243206799999996,
      "system": 0.9121231599999999,
      "min": 17.2004069447,
      "max": 18.956218118699997,
      "times": [
        18.956218118699997,
        18.1310861447,
        17.3954837457,
        17.7750085217,
        17.2004069447
      ],
      "exit_codes": [
        0,
        0,
        0,
        0,
        0
      ]
    },
    {
      "command": "github",
      "mean": 11.7690161095,
      "stddev": 1.5682099691521945,
      "median": 10.6129594587,
      "user": 3.52823808,
      "system": 1.0626459599999998,
      "min": 10.3591721317,
      "max": 14.0864055727,
      "times": [
        14.0864055727,
        10.5570245797,
        13.2295188047,
        10.3591721317,
        10.6129594587
      ],
      "exit_codes": [
        0,
        0,
        0,
        0,
        0
      ]
    }
  ]
}