{
  "results": [
    {
      "command": "npm",
      "mean": 5.87232048506,
      "stddev": 0.5026559645861232,
      "median": 5.58270324546,
      "user": 3.2782402399999997,
      "system": 0.96661204,
      "min": 5.40188355146,
      "max": 6.768431054460001,
      "times": [
        5.53424024046,
        5.58270324546,
        5.40188355146,
        6.768431054460001,
        6.07434433346
      ],
      "exit_codes": [
        0,
        0,
        0,
        0,
        0
      ]
    },
    {
      "command": "vlt",
      "mean": 0,
      "stddev": 0,
      "median": 0,
      "user": 0,
      "system": 0,
      "min": 0,
      "max": 0,
      "times": [
        0
      ],
      "exit_codes": [
        1
      ]
    },
    {
      "command": "aws",
      "mean": 18.388352275059997,
      "stddev": 0.47083659761263785,
      "median": 18.175246496459998,
      "user": 3.5093140399999996,
      "system": 1.0010154399999998,
      "min": 17.97772828746,
      "max": 19.29189590746,
      "times": [
        19.29189590746,
        17.97772828746,
        18.38785549346,
        18.10903519046,
        18.175246496459998
      ],
      "exit_codes": [
        0,
        0,
        0,
        0,
        0
      ]
    },
    {
      "command": "github",
      "mean": 22.958065582259998,
      "stddev": 5.695133161043353,
      "median": 22.403741632459997,
      "user": 3.91833684,
      "system": 1.1376464399999997,
      "min": 17.82032286746,
      "max": 33.56810925046,
      "times": [
        22.82316376346,
        33.56810925046,
        18.17499039746,
        22.403741632459997,
        17.82032286746
      ],
      "exit_codes": [
        0,
        0,
        0,
        0,
        0
      ]
    }
  ]
}