{
  "results": [
    {
      "command": "npm",
      "mean": 5.87601491366,
      "stddev": 0.5025390328760949,
      "median": 5.86276695106,
      "user": 3.1151233199999995,
      "system": 0.9275429799999999,
      "min": 5.38625385506,
      "max": 6.79912621106,
      "times": [
        5.86882896006,
        5.38625385506,
        6.79912621106,
        5.46309859106,
        5.86276695106
      ],
      "exit_codes": [
        0,
        0,
        0,
        0,
        0
      ]
    },
    {
      "command": "vlt",
      "mean": 6.902678999859999,
      "stddev": 2.5692111548996044,
      "median": 5.33951986706,
      "user": 2.2138675199999995,
      "system": 0.62295878,
      "min": 5.11277872406,
      "max": 11.85358315506,
      "times": [
        5.11277872406,
        6.98948075106,
        5.21803250206,
        5.33951986706,
        11.85358315506
      ],
      "exit_codes": [
        0,
        0,
        0,
        0,
        0
      ]
    },
    {
      "command": "aws",
      "mean": 18.91075717826,
      "stddev": 0.5645714102516541,
      "median": 18.873516522059997,
      "user": 3.4437531199999993,
      "system": 0.9495701799999999,
      "min": 18.096911487059998,
      "max": 19.856887799059997,
      "times": [
        18.98630585906,
        19.856887799059997,
        18.74016422406,
        18.873516522059997,
        18.096911487059998
      ],
      "exit_codes": [
        0,
        0,
        0,
        0,
        0
      ]
    },
    {
      "command": "github",
      "mean": 28.94570980746,
      "stddev": 11.490659436842977,
      "median": 24.393788377059998,
      "user": 3.873994519999999,
      "system": 1.0938285799999998,
      "min": 21.74544320306,
      "max": 51.77286800206,
      "times": [
        24.393788377059998,
        51.77286800206,
        21.74544320306,
        21.794872577059998,
        25.02157687806
      ],
      "exit_codes": [
        0,
        0,
        0,
        0,
        0
      ]
    }
  ]
}