{
  "results": [
    {
      "command": "npm",
      "mean": 6.576071058319999,
      "stddev": 0.2822832712500903,
      "median": 6.49913154052,
      "user": 3.2967866,
      "system": 0.96016738,
      "min": 6.21257303952,
      "max": 7.0564780665199995,
      "times": [
        6.49913154052,
        6.21257303952,
        6.67604267752,
        7.0564780665199995,
        6.436129967519999
      ],
      "exit_codes": [
        0,
        0,
        0,
        0,
        0
      ]
    },
    {
      "command": "vlt",
      "mean": 5.30728865832,
      "stddev": 0.5412558269519445,
      "median": 5.01527782152,
      "user": 2.2710153999999996,
      "system": 0.65874338,
      "min": 4.912539444519999,
      "max": 6.36874960452,
      "times": [
        5.23568007752,
        6.36874960452,
        4.912539444519999,
        5.004196343519999,
        5.01527782152
      ],
      "exit_codes": [
        0,
        0,
        0,
        0,
        0
      ]
    },
    {
      "command": "aws",
      "mean": 19.675518808520003,
      "stddev": 0.41148828614773036,
      "median": 19.58658947352,
      "user": 3.5373597999999995,
      "system": 0.9850891799999999,
      "min": 19.23141708652,
      "max": 20.430224420520002,
      "times": [
        20.430224420520002,
        19.71851247252,
        19.41085058952,
        19.23141708652,
        19.58658947352
      ],
      "exit_codes": [
        0,
        0,
        0,
        0,
        0
      ]
    },
    {
      "command": "github",
      "mean": 28.97693432052,
      "stddev": 14.480537942800758,
      "median": 22.87512751252,
      "user": 4.0130962,
      "system": 1.12027898,
      "min": 18.61640333352,
      "max": 57.68095491052,
      "times": [
        57.68095491052,
        18.61640333352,
        21.27383977452,
        22.87512751252,
        24.43834607152
      ],
      "exit_codes": [
        0,
        0,
        0,
        0,
        0
      ]
    }
  ]
}