{
  "results": [
    {
      "command": "npm",
      "mean": 5.88998970852,
      "stddev": 0.18623494066135782,
      "median": 5.87494583692,
      "user": 3.1441227399999994,
      "system": 0.9217567600000001,
      "min": 5.65882027592,
      "max": 6.18511258692,
      "times": [
        6.18511258692,
        5.74011950292,
        5.99095033992,
        5.87494583692,
        5.65882027592
      ],
      "exit_codes": [
        0,
        0,
        0,
        0,
        0
      ]
    },
    {
      "command": "vlt",
      "mean": 4.50780011732,
      "stddev": 0.7294187245217844,
      "median": 4.02406402992,
      "user": 2.17108074,
      "system": 0.62102136,
      "min": 3.8263887799200003,
      "max": 5.40779828592,
      "times": [
        5.3876322639200005,
        5.40779828592,
        4.02406402992,
        3.8931172269200003,
        3.8263887799200003
      ],
      "exit_codes": [
        0,
        0,
        0,
        0,
        0
      ]
    },
    {
      "command": "aws",
      "mean": 20.94323186852,
      "stddev": 0.8031925746053573,
      "median": 20.69295269192,
      "user": 3.5062821399999997,
      "system": 0.9182063599999999,
      "min": 19.96985193292,
      "max": 22.33084466392,
      "times": [
        22.33084466392,
        21.23312443892,
        20.69295269192,
        19.96985193292,
        20.48938561492
      ],
      "exit_codes": [
        0,
        0,
        0,
        0,
        0
      ]
    },
    {
      "command": "github",
      "mean": 31.324413814319996,
      "stddev": 5.166142087991855,
      "median": 30.17152268592,
      "user": 3.7208143399999996,
      "system": 1.04655156,
      "min": 24.24248133892,
      "max": 39.97405943192,
      "times": [
        30.17152268592,
        29.23820174492,
        39.97405943192,
        32.99580386992,
        24.24248133892
      ],
      "exit_codes": [
        0,
        0,
        0,
        0,
        0
      ]
    }
  ]
}