{
  "results": [
    {
      "command": "npm",
      "mean": 6.831665760640002,
      "stddev": 1.492218027265736,
      "median": 5.9935175998400005,
      "user": 3.26094004,
      "system": 0.9460167399999999,
      "min": 5.80787710784,
      "max": 9.74970602584,
      "times": [
        9.74970602584,
        5.80787710784,
        6.6975057838400005,
        5.90972228584,
        5.9935175998400005
      ],
      "exit_codes": [
        0,
        0,
        0,
        0,
        0
      ]
    },
    {
      "command": "vlt",
      "mean": 0,
      "stddev": 0,
      "median": 0,
      "user": 0,
      "system": 0,
      "min": 0,
      "max": 0,
      "times": [
        0
      ],
      "exit_codes": [
        1
      ]
    },
    {
      "command": "aws",
      "mean": 18.04407161424,
      "stddev": 0.2770123148472053,
      "median": 17.99898802984,
      "user": 3.5294728399999995,
      "system": 0.9750777399999999,
      "min": 17.609772672840002,
      "max": 18.46784176784,
      "times": [
        18.46784176784,
        17.99898802984,
        17.99473020884,
        18.149025391840002,
        17.609772672840002
      ],
      "exit_codes": [
        0,
        0,
        0,
        0,
        0
      ]
    },
    {
      "command": "github",
      "mean": 26.368582379239996,
      "stddev": 9.352410961617945,
      "median": 20.491319488840002,
      "user": 3.93016844,
      "system": 1.07134954,
      "min": 16.79068578184,
      "max": 38.413849096839996,
      "times": [
        37.02220176684,
        38.413849096839996,
        16.79068578184,
        19.124855761840003,
        20.491319488840002
      ],
      "exit_codes": [
        0,
        0,
        0,
        0,
        0
      ]
    }
  ]
}