{
  "results": [
    {
      "command": "npm",
      "mean": 23.88874471948,
      "stddev": 1.3836842438304173,
      "median": 24.24204025968,
      "user": 10.669249039999999,
      "system": 2.9179357599999998,
      "min": 22.08230474468,
      "max": 26.03770664768,
      "times": [
        24.35469988968,
        24.24204025968,
        22.08230474468,
        22.726972055679997,
        26.03770664768
      ],
      "exit_codes": [
        0,
        0,
        0,
        0,
        0
      ]
    },
    {
      "command": "vlt",
      "mean": 11.73461043268,
      "stddev": 0.2082863045061504,
      "median": 11.73957731468,
      "user": 6.416026639999998,
      "system": 1.96860316,
      "min": 11.49235678968,
      "max": 11.970631107680001,
      "times": [
        11.73957731468,
        11.970631107680001,
        11.49235678968,
        11.961625746680001,
        11.50886120468
      ],
      "exit_codes": [
        0,
        0,
        0,
        0,
        0
      ]
    },
    {
      "command": "aws",
      "mean": 69.88718388848,
      "stddev": 0.9495894756208156,
      "median": 70.25036902868,
      "user": 11.667797239999999,
      "system": 3.1086625599999995,
      "min": 68.75496224967999,
      "max": 70.99976704967999,
      "times": [
        70.99976704967999,
        70.66354507567999,
        68.75496224967999,
        68.76727603868,
        70.25036902868
      ],
      "exit_codes": [
        0,
        0,
        0,
        0,
        0
      ]
    },
    {
      "command": "github",
      "mean": 46.354205472880004,
      "stddev": 2.834000788494489,
      "median": 47.25951947568,
      "user": 12.398196039999998,
      "system": 3.5256821599999997,
      "min": 41.838383233680005,
      "max": 50.11655012468,
      "times": [
        50.11655012468,
        41.838383233680005,
        47.82405470868,
        47.25951947568,
        44.73251982168
      ],
      "exit_codes": [
        0,
        0,
        0,
        0,
        0
      ]
    }
  ]
}