{
  "results": [
    {
      "command": "npm",
      "mean": 78.75881683968667,
      "stddev": 1.2974145989638326,
      "median": 79.63843478102001,
      "user": 48.07270364666667,
      "system": 15.880838506666668,
      "min": 76.92450753902001,
      "max": 79.71350819902001,
      "times": [
        79.71350819902001,
        76.92450753902001,
        79.63843478102001
      ],
      "exit_codes": [
        0,
        0,
        0
      ]
    },
    {
      "command": "vlt",
      "mean": 64.53400796502001,
      "stddev": 1.3418497278850623,
      "median": 63.94521792002,
      "user": 35.59282864666667,
      "system": 14.261216840000001,
      "min": 63.26608555802,
      "max": 66.39072041702,
      "times": [
        66.39072041702,
        63.26608555802,
        63.94521792002
      ],
      "exit_codes": [
        0,
        0,
        0
      ]
    },
    {
      "command": "aws",
      "mean": 278.34785426735334,
      "stddev": 3.797200533201402,
      "median": 276.13226394102,
      "user": 57.96529264666666,
      "system": 17.378328839999998,
      "min": 275.21932231102,
      "max": 283.69197655002,
      "times": [
        276.13226394102,
        283.69197655002,
        275.21932231102
      ],
      "exit_codes": [
        0,
        0,
        0
      ]
    },
    {
      "command": "github",
      "mean": 211.62685983368667,
      "stddev": 6.230565941568017,
      "median": 213.31673834102,
      "user": 58.607839979999994,
      "system": 18.27470384,
      "min": 203.29271762502,
      "max": 218.27112353502,
      "times": [
        213.31673834102,
        218.27112353502,
        203.29271762502
      ],
      "exit_codes": [
        0,
        0,
        0
      ]
    }
  ]
}