{
  "results": [
    {
      "command": "npm",
      "mean": 14.877231865953334,
      "stddev": 0.20634428037102318,
      "median": 14.76950888062,
      "user": 13.685714673333335,
      "system": 5.487720233333332,
      "min": 14.69622368862,
      "max": 15.16596302862,
      "times": [
        14.76950888062,
        15.16596302862,
        14.69622368862
      ],
      "exit_codes": [
        0,
        0,
        0
      ]
    },
    {
      "command": "vlt",
      "mean": 13.82398179362,
      "stddev": 0.24655799472269743,
      "median": 13.82847858762,
      "user": 12.67863434,
      "system": 5.3883559,
      "min": 13.51978786962,
      "max": 14.12367892362,
      "times": [
        14.12367892362,
        13.82847858762,
        13.51978786962
      ],
      "exit_codes": [
        0,
        0,
        0
      ]
    },
    {
      "command": "aws",
      "mean": 29.55912121162,
      "stddev": 0.34710762798936495,
      "median": 29.50035544462,
      "user": 15.36869934,
      "system": 5.766283233333333,
      "min": 29.16644308462,
      "max": 30.01056510562,
      "times": [
        30.01056510562,
        29.50035544462,
        29.16644308462
      ],
      "exit_codes": [
        0,
        0,
        0
      ]
    },
    {
      "command": "github",
      "mean": 19.68530509195333,
      "stddev": 0.72990338293967,
      "median": 19.39824711462,
      "user": 16.48787634,
      "system": 6.0811228999999996,
      "min": 18.97015095462,
      "max": 20.68751720662,
      "times": [
        18.97015095462,
        20.68751720662,
        19.39824711462
      ],
      "exit_codes": [
        0,
        0,
        0
      ]
    }
  ]
}