{
  "results": [
    {
      "command": "npm",
      "mean": 43.8962655914,
      "stddev": 0.4020090888942975,
      "median": 43.7169506444,
      "user": 23.666315799999996,
      "system": 7.026534733333333,
      "min": 43.5186955254,
      "max": 44.4531506044,
      "times": [
        43.5186955254,
        44.4531506044,
        43.7169506444
      ],
      "exit_codes": [
        0,
        0,
        0
      ]
    },
    {
      "command": "vlt",
      "mean": 70.8008080624,
      "stddev": 10.02115392880789,
      "median": 64.0733219804,
      "user": 20.6971988,
      "system": 6.429881066666666,
      "min": 63.3621908354,
      "max": 84.96691137139999,
      "times": [
        84.96691137139999,
        63.3621908354,
        64.0733219804
      ],
      "exit_codes": [
        0,
        0,
        0
      ]
    },
    {
      "command": "aws",
      "mean": 175.79607162940002,
      "stddev": 2.446047043828411,
      "median": 177.0086705654,
      "user": 31.057154799999996,
      "system": 8.083513400000001,
      "min": 172.38407758140002,
      "max": 177.9954667414,
      "times": [
        177.9954667414,
        172.38407758140002,
        177.0086705654
      ],
      "exit_codes": [
        0,
        0,
        0
      ]
    },
    {
      "command": "github",
      "mean": 148.57338471873334,
      "stddev": 2.1337128487471264,
      "median": 147.1995910414,
      "user": 31.899657133333335,
      "system": 8.685018066666666,
      "min": 146.9335641314,
      "max": 151.5869989834,
      "times": [
        147.1995910414,
        151.5869989834,
        146.9335641314
      ],
      "exit_codes": [
        0,
        0,
        0
      ]
    }
  ]
}