{
  "results": [
    {
      "command": "npm",
      "mean": 6.49011219928,
      "stddev": 0.4979528307867737,
      "median": 6.48238863748,
      "user": 3.26775344,
      "system": 0.9448078599999998,
      "min": 5.7792477364799995,
      "max": 7.33350120248,
      "times": [
        7.33350120248,
        6.51518890048,
        6.34023451948,
        6.48238863748,
        5.7792477364799995
      ],
      "exit_codes": [
        0,
        0,
        0,
        0,
        0
      ]
    },
    {
      "command": "vlt",
      "mean": 3.85246769528,
      "stddev": 0.07219829179696045,
      "median": 3.84003446048,
      "user": 2.22160044,
      "system": 0.64386106,
      "min": 3.7466525394800003,
      "max": 3.9667125004800003,
      "times": [
        3.88320660948,
        3.7466525394800003,
        3.84003446048,
        3.9667125004800003,
        3.82573236648
      ],
      "exit_codes": [
        0,
        0,
        0,
        0,
        0
      ]
    },
    {
      "command": "aws",
      "mean": 22.232774787680004,
      "stddev": 0.4795987841364988,
      "median": 22.27852916248,
      "user": 3.5632796399999997,
      "system": 0.9873302599999999,
      "min": 21.76400015648,
      "max": 23.07293659448,
      "times": [
        23.07293659448,
        22.27852916248,
        22.284354404480002,
        21.76400015648,
        21.764053620480002
      ],
      "exit_codes": [
        0,
        0,
        0,
        0,
        0
      ]
    },
    {
      "command": "github",
      "mean": 21.310870347080005,
      "stddev": 1.2636249471179324,
      "median": 20.88564505948,
      "user": 3.83517224,
      "system": 1.0633786600000001,
      "min": 20.44992616948,
      "max": 23.810831886480003,
      "times": [
        20.88564505948,
        20.51000870148,
        20.44992616948,
        23.810831886480003,
        20.897939918480002
      ],
      "exit_codes": [
        0,
        0,
        0,
        0,
        0
      ]
    }
  ]
}