{
  "results": [
    {
      "command": "npm",
      "mean": 21.99710384566,
      "stddev": 0.5450574705826646,
      "median": 22.163058217059998,
      "user": 12.92279374,
      "system": 3.36272796,
      "min": 21.15852040306,
      "max": 22.731189762059998,
      "times": [
        22.731189762059998,
        22.29341103506,
        22.163058217059998,
        21.15852040306,
        21.639339811059997
      ],
      "exit_codes": [
        0,
        0,
        0,
        0,
        0
      ]
    },
    {
      "command": "vlt",
      "mean": 16.59073085886,
      "stddev": 0.36692380172007427,
      "median": 16.552984058059998,
      "user": 8.67206714,
      "system": 2.45915636,
      "min": 16.18064889506,
      "max": 17.18247883706,
      "times": [
        16.552984058059998,
        16.251328451059997,
        16.78621405306,
        16.18064889506,
        17.18247883706
      ],
      "exit_codes": [
        0,
        0,
        0,
        0,
        0
      ]
    },
    {
      "command": "aws",
      "mean": 92.48077414726001,
      "stddev": 1.8873314905025462,
      "median": 91.80118735006,
      "user": 16.892346339999996,
      "system": 4.30331596,
      "min": 91.04946303706001,
      "max": 96.19644326206,
      "times": [
        91.04946303706001,
        91.80118735006,
        96.19644326206,
        91.99914451106001,
        91.35763257606001
      ],
      "exit_codes": [
        0,
        0,
        0,
        0,
        0
      ]
    },
    {
      "command": "github",
      "mean": 64.34237489526001,
      "stddev": 5.372625681112315,
      "median": 62.09359814506,
      "user": 17.329759739999997,
      "system": 4.76222796,
      "min": 58.469814406059996,
      "max": 73.77575229906,
      "times": [
        73.77575229906,
        66.41877462306,
        62.09359814506,
        58.469814406059996,
        60.953935003059996
      ],
      "exit_codes": [
        0,
        0,
        0,
        0,
        0
      ]
    }
  ]
}