{
  "results": [
    {
      "command": "npm",
      "mean": 7.12428303378,
      "stddev": 0.13084902401214332,
      "median": 7.14444711858,
      "user": 6.271405339999999,
      "system": 3.26045136,
      "min": 6.8811008205799995,
      "max": 7.266409513579999,
      "times": [
        6.8811008205799995,
        7.14444711858,
        7.266409513579999,
        7.200725320579999,
        7.128732395579999
      ],
      "exit_codes": [
        0,
        0,
        0,
        0,
        0
      ]
    },
    {
      "command": "vlt",
      "mean": 7.138973577979999,
      "stddev": 0.08169145458816102,
      "median": 7.14586364058,
      "user": 6.357181739999999,
      "system": 3.30400936,
      "min": 7.029430080579999,
      "max": 7.26995561358,
      "times": [
        7.14586364058,
        7.26995561358,
        7.16818363358,
        7.08143492158,
        7.029430080579999
      ],
      "exit_codes": [
        0,
        0,
        0,
        0,
        0
      ]
    },
    {
      "command": "aws",
      "mean": 7.082944533579999,
      "stddev": 0.11550867809727744,
      "median": 7.019637223579999,
      "user": 6.13249234,
      "system": 3.25129156,
      "min": 6.984525478579999,
      "max": 7.28264042158,
      "times": [
        7.28264042158,
        6.984525478579999,
        7.14275652858,
        6.9851630155799995,
        7.019637223579999
      ],
      "exit_codes": [
        0,
        0,
        0,
        0,
        0
      ]
    },
    {
      "command": "github",
      "mean": 7.460543010779999,
      "stddev": 0.09954639772680245,
      "median": 7.46782053858,
      "user": 6.55814954,
      "system": 3.3232967600000003,
      "min": 7.3353384535799995,
      "max": 7.60202899558,
      "times": [
        7.46782053858,
        7.3353384535799995,
        7.60202899558,
        7.530990313579999,
        7.366536752579999
      ],
      "exit_codes": [
        0,
        0,
        0,
        0,
        0
      ]
    }
  ]
}