{
  "results": [
    {
      "command": "npm",
      "mean": 7.32006706174,
      "stddev": 0.047704547832316944,
      "median": 7.33236883194,
      "user": 6.46748794,
      "system": 3.3595333800000007,
      "min": 7.22689221194,
      "max": 7.35763130294,
      "times": [
        7.22689221194,
        7.35763130294,
        7.33180096494,
        7.33236883194,
        7.35164199694
      ],
      "exit_codes": [
        0,
        0,
        0,
        0,
        0
      ]
    },
    {
      "command": "vlt",
      "mean": 7.223239926140001,
      "stddev": 0.09260392688613375,
      "median": 7.22421129594,
      "user": 6.384245739999999,
      "system": 3.34874978,
      "min": 7.10699330194,
      "max": 7.37788948894,
      "times": [
        7.15522286494,
        7.37788948894,
        7.25188267894,
        7.22421129594,
        7.10699330194
      ],
      "exit_codes": [
        0,
        0,
        0,
        0,
        0
      ]
    },
    {
      "command": "aws",
      "mean": 7.9728101251400005,
      "stddev": 0.05570392611086811,
      "median": 8.001634680939999,
      "user": 6.54778134,
      "system": 3.2914161799999997,
      "min": 7.871999138940001,
      "max": 8.02733568894,
      "times": [
        8.001634680939999,
        8.02733568894,
        7.871999138940001,
        7.955126083940001,
        8.00795503294
      ],
      "exit_codes": [
        0,
        0,
        0,
        0,
        0
      ]
    },
    {
      "command": "github",
      "mean": 7.66210031514,
      "stddev": 0.097341735924238,
      "median": 7.62309071194,
      "user": 6.76469654,
      "system": 3.2820031799999994,
      "min": 7.5668420449400005,
      "max": 7.83372209494,
      "times": [
        7.62309071194,
        7.5668420449400005,
        7.70099717594,
        7.58584954794,
        7.83372209494
      ],
      "exit_codes": [
        0,
        0,
        0,
        0,
        0
      ]
    }
  ]
}