{
  "results": [
    {
      "command": "npm",
      "mean": 7.41778351906,
      "stddev": 0.0415401442969765,
      "median": 7.42066159346,
      "user": 6.5482579,
      "system": 3.3957308999999993,
      "min": 7.35530390046,
      "max": 7.48319568846,
      "times": [
        7.35530390046,
        7.48319568846,
        7.42066159346,
        7.42937472846,
        7.40038168446
      ],
      "exit_codes": [
        0,
        0,
        0,
        0,
        0
      ]
    },
    {
      "command": "vlt",
      "mean": 0,
      "stddev": 0,
      "median": 0,
      "user": 0,
      "system": 0,
      "min": 0,
      "max": 0,
      "times": [
        0
      ],
      "exit_codes": [
        1
      ]
    },
    {
      "command": "aws",
      "mean": 8.031051879059998,
      "stddev": 0.09939133336182546,
      "median": 8.01069531346,
      "user": 6.703438299999999,
      "system": 3.2080709,
      "min": 7.88796128146,
      "max": 8.18963488646,
      "times": [
        8.01069531346,
        7.99259706046,
        7.88796128146,
        8.18963488646,
        8.07437085346
      ],
      "exit_codes": [
        0,
        0,
        0,
        0,
        0
      ]
    },
    {
      "command": "github",
      "mean": 7.97225572226,
      "stddev": 0.20027453845609966,
      "median": 7.88351196146,
      "user": 6.7992351,
      "system": 3.232508899999999,
      "min": 7.7274123244599995,
      "max": 8.25268297946,
      "times": [
        8.16112133946,
        7.7274123244599995,
        7.88351196146,
        8.25268297946,
        7.8365500064599996
      ],
      "exit_codes": [
        0,
        0,
        0,
        0,
        0
      ]
    }
  ]
}