{
  "results": [
    {
      "command": "npm",
      "mean": 6.955178345120001,
      "stddev": 0.10607605372721222,
      "median": 6.91834704952,
      "user": 6.10607366,
      "system": 3.1417675599999995,
      "min": 6.8334674605200005,
      "max": 7.14780805152,
      "times": [
        7.14780805152,
        6.91834704952,
        6.90346919152,
        6.8334674605200005,
        6.972799972520001
      ],
      "exit_codes": [
        0,
        0,
        0,
        0,
        0
      ]
    },
    {
      "command": "vlt",
      "mean": 0,
      "stddev": 0,
      "median": 0,
      "user": 0,
      "system": 0,
      "min": 0,
      "max": 0,
      "times": [
        0
      ],
      "exit_codes": [
        1
      ]
    },
    {
      "command": "aws",
      "mean": 7.705795853320001,
      "stddev": 0.0708048562650338,
      "median": 7.7195365995200005,
      "user": 6.2865116599999995,
      "system": 3.0780223599999994,
      "min": 7.5947311305200005,
      "max": 7.80954364052,
      "times": [
        7.7195365995200005,
        7.5947311305200005,
        7.80954364052,
        7.67293414552,
        7.732233750520001
      ],
      "exit_codes": [
        0,
        0,
        0,
        0,
        0
      ]
    },
    {
      "command": "github",
      "mean": 7.90106459632,
      "stddev": 0.17374502658653948,
      "median": 7.948434213520001,
      "user": 6.74837786,
      "system": 3.14722656,
      "min": 7.62899217952,
      "max": 8.12466894452,
      "times": [
        7.62899217952,
        7.7905510405200005,
        7.948434213520001,
        8.01267660352,
        8.12466894452
      ],
      "exit_codes": [
        0,
        0,
        0,
        0,
        0
      ]
    }
  ]
}