{
  "results": [
    {
      "command": "npm",
      "mean": 14.158859616700001,
      "stddev": 0.023817610482074553,
      "median": 14.149497401700001,
      "user": 13.292216886666665,
      "system": 5.175259106666666,
      "min": 14.1355196687,
      "max": 14.1915617797,
      "times": [
        14.1915617797,
        14.149497401700001,
        14.1355196687
      ],
      "exit_codes": [
        0,
        0,
        0
      ]
    },
    {
      "command": "vlt",
      "mean": 0,
      "stddev": 0,
      "median": 0,
      "user": 0,
      "system": 0,
      "min": 0,
      "max": 0,
      "times": [
        0
      ],
      "exit_codes": [
        1
      ]
    },
    {
      "command": "aws",
      "mean": 29.237042867366664,
      "stddev": 0.35377271395227555,
      "median": 29.316066341699997,
      "user": 14.69279022,
      "system": 5.6209201066666665,
      "min": 28.7696886737,
      "max": 29.6253735867,
      "times": [
        29.6253735867,
        28.7696886737,
        29.316066341699997
      ],
      "exit_codes": [
        0,
        0,
        0
      ]
    },
    {
      "command": "github",
      "mean": 30.364316867033335,
      "stddev": 4.117410312220883,
      "median": 33.1230272847,
      "user": 16.837324886666668,
      "system": 6.087352773333333,
      "min": 24.5440451827,
      "max": 33.4258781337,
      "times": [
        24.5440451827,
        33.1230272847,
        33.4258781337
      ],
      "exit_codes": [
        0,
        0,
        0
      ]
    }
  ]
}