{
  "results": [
    {
      "command": "npm",
      "mean": 14.687382303180001,
      "stddev": 0.11946391118324826,
      "median": 14.68695133418,
      "user": 13.26205892,
      "system": 5.549157306666667,
      "min": 14.54128545118,
      "max": 14.83391012418,
      "times": [
        14.68695133418,
        14.83391012418,
        14.54128545118
      ],
      "exit_codes": [
        0,
        0,
        0
      ]
    },
    {
      "command": "vlt",
      "mean": 13.68415818618,
      "stddev": 0.056505113586187455,
      "median": 13.67086754118,
      "user": 12.13507992,
      "system": 5.29065964,
      "min": 13.62256304518,
      "max": 13.75904397218,
      "times": [
        13.75904397218,
        13.67086754118,
        13.62256304518
      ],
      "exit_codes": [
        0,
        0,
        0
      ]
    },
    {
      "command": "aws",
      "mean": 31.02583872684667,
      "stddev": 0.48374782892353574,
      "median": 30.99876238218,
      "user": 14.975002586666667,
      "system": 5.8281599733333325,
      "min": 30.44737343918,
      "max": 31.63138035918,
      "times": [
        31.63138035918,
        30.99876238218,
        30.44737343918
      ],
      "exit_codes": [
        0,
        0,
        0
      ]
    },
    {
      "command": "github",
      "mean": 21.82147482118,
      "stddev": 0.7501611309753977,
      "median": 22.12784307318,
      "user": 16.093431586666668,
      "system": 6.14352464,
      "min": 20.78867915918,
      "max": 22.54790223118,
      "times": [
        22.54790223118,
        20.78867915918,
        22.12784307318
      ],
      "exit_codes": [
        0,
        0,
        0
      ]
    }
  ]
}