{
  "results": [
    {
      "command": "npm",
      "mean": 15.984790954113334,
      "stddev": 0.4996867665573331,
      "median": 16.12081532578,
      "user": 14.029376966666666,
      "system": 5.390517813333333,
      "min": 15.31623457778,
      "max": 16.51732295878,
      "times": [
        15.31623457778,
        16.51732295878,
        16.12081532578
      ],
      "exit_codes": [
        0,
        0,
        0
      ]
    },
    {
      "command": "vlt",
      "mean": 0,
      "stddev": 0,
      "median": 0,
      "user": 0,
      "system": 0,
      "min": 0,
      "max": 0,
      "times": [
        0
      ],
      "exit_codes": [
        1
      ]
    },
    {
      "command": "aws",
      "mean": 33.72099270778,
      "stddev": 1.01726134921492,
      "median": 34.018103029779994,
      "user": 15.880458966666666,
      "system": 5.91342248,
      "min": 32.35341126678,
      "max": 34.791463826779996,
      "times": [
        34.791463826779996,
        34.018103029779994,
        32.35341126678
      ],
      "exit_codes": [
        0,
        0,
        0
      ]
    },
    {
      "command": "github",
      "mean": 29.240465419446664,
      "stddev": 3.506543487870187,
      "median": 29.40292474978,
      "user": 17.104193966666664,
      "system": 6.15841448,
      "min": 24.86691982078,
      "max": 33.45155168778,
      "times": [
        33.45155168778,
        29.40292474978,
        24.86691982078
      ],
      "exit_codes": [
        0,
        0,
        0
      ]
    }
  ]
}