{
  "results": [
    {
      "command": "npm",
      "mean": 15.729379942866666,
      "stddev": 0.2664782208521541,
      "median": 15.7119828692,
      "user": 13.728380586666665,
      "system": 5.343498586666667,
      "min": 15.4120585882,
      "max": 16.0640983712,
      "times": [
        15.7119828692,
        16.0640983712,
        15.4120585882
      ],
      "exit_codes": [
        0,
        0,
        0
      ]
    },
    {
      "command": "vlt",
      "mean": 13.352267197533331,
      "stddev": 0.1261272295645614,
      "median": 13.3753354972,
      "user": 12.456322253333333,
      "system": 5.103242253333333,
      "min": 13.1875566552,
      "max": 13.4939094402,
      "times": [
        13.4939094402,
        13.3753354972,
        13.1875566552
      ],
      "exit_codes": [
        0,
        0,
        0
      ]
    },
    {
      "command": "aws",
      "mean": 30.3269594752,
      "stddev": 0.4156913148155166,
      "median": 30.0395569342,
      "user": 14.626696586666666,
      "system": 5.593023253333333,
      "min": 30.0265338062,
      "max": 30.9147876852,
      "times": [
        30.9147876852,
        30.0395569342,
        30.0265338062
      ],
      "exit_codes": [
        0,
        0,
        0
      ]
    },
    {
      "command": "github",
      "mean": 30.235826752866668,
      "stddev": 6.5079862848097365,
      "median": 28.4587300402,
      "user": 16.94507992,
      "system": 6.041757586666666,
      "min": 23.3037438252,
      "max": 38.945006393199996,
      "times": [
        28.4587300402,
        38.945006393199996,
        23.3037438252
      ],
      "exit_codes": [
        0,
        0,
        0
      ]
    }
  ]
}