{
  "results": [
    {
      "command": "npm",
      "mean": 14.928369588886667,
      "stddev": 0.5928761113949472,
      "median": 14.700596753220001,
      "user": 13.68621205333333,
      "system": 5.56798002,
      "min": 14.34344074022,
      "max": 15.74107127322,
      "times": [
        14.700596753220001,
        15.74107127322,
        14.34344074022
      ],
      "exit_codes": [
        0,
        0,
        0
      ]
    },
    {
      "command": "vlt",
      "mean": 14.22270430922,
      "stddev": 0.2671989313466868,
      "median": 14.31701574522,
      "user": 12.402226053333331,
      "system": 5.342597353333333,
      "min": 13.85865441622,
      "max": 14.49244276622,
      "times": [
        14.49244276622,
        14.31701574522,
        13.85865441622
      ],
      "exit_codes": [
        0,
        0,
        0
      ]
    },
    {
      "command": "aws",
      "mean": 33.71650006255333,
      "stddev": 0.35103400052101685,
      "median": 33.81476862922,
      "user": 15.330281386666664,
      "system": 5.93986702,
      "min": 33.24594583322,
      "max": 34.08878572522,
      "times": [
        34.08878572522,
        33.81476862922,
        33.24594583322
      ],
      "exit_codes": [
        0,
        0,
        0
      ]
    },
    {
      "command": "github",
      "mean": 33.754181101553336,
      "stddev": 4.253976245742247,
      "median": 32.63924022522,
      "user": 16.71296172,
      "system": 6.311003686666666,
      "min": 29.19187117522,
      "max": 39.43143190422,
      "times": [
        29.19187117522,
        39.43143190422,
        32.63924022522
      ],
      "exit_codes": [
        0,
        0,
        0
      ]
    }
  ]
}