{
  "results": [
    {
      "command": "npm",
      "mean": 23.713326519379997,
      "stddev": 1.5688337832253458,
      "median": 23.540727336979998,
      "user": 11.166671319999999,
      "system": 2.95365128,
      "min": 22.104550639979998,
      "max": 26.30611781198,
      "times": [
        24.45576518298,
        22.15947162498,
        23.540727336979998,
        22.104550639979998,
        26.30611781198
      ],
      "exit_codes": [
        0,
        0,
        0,
        0,
        0
      ]
    },
    {
      "command": "vlt",
      "mean": 11.914548880979998,
      "stddev": 0.07124719904106683,
      "median": 11.896292945979999,
      "user": 6.90452952,
      "system": 2.0586896799999996,
      "min": 11.82482099298,
      "max": 12.034560406979999,
      "times": [
        11.873029081979999,
        11.82482099298,
        11.896292945979999,
        11.944040976979998,
        12.034560406979999
      ],
      "exit_codes": [
        0,
        0,
        0,
        0,
        0
      ]
    },
    {
      "command": "aws",
      "mean": 69.15922986118001,
      "stddev": 0.5440581520628589,
      "median": 68.93961385698,
      "user": 12.253785319999999,
      "system": 3.1557388799999995,
      "min": 68.52996342698,
      "max": 70.09685427298001,
      "times": [
        68.93961385698,
        70.09685427298001,
        69.39118460898001,
        68.83853313998,
        68.52996342698
      ],
      "exit_codes": [
        0,
        0,
        0,
        0,
        0
      ]
    },
    {
      "command": "github",
      "mean": 42.09764068177999,
      "stddev": 2.983907358768042,
      "median": 42.35643842698,
      "user": 12.755336920000001,
      "system": 3.64858688,
      "min": 38.372364388979996,
      "max": 47.10391608898,
      "times": [
        47.10391608898,
        39.85710034098,
        42.79838416298,
        38.372364388979996,
        42.35643842698
      ],
      "exit_codes": [
        0,
        0,
        0,
        0,
        0
      ]
    }
  ]
}