{
  "results": [
    {
      "command": "npm",
      "mean": 14.546786054506667,
      "stddev": 0.17937454727136976,
      "median": 14.62046321884,
      "user": 13.478017046666666,
      "system": 5.429660206666667,
      "min": 14.29972949284,
      "max": 14.72016545184,
      "times": [
        14.29972949284,
        14.62046321884,
        14.72016545184
      ],
      "exit_codes": [
        0,
        0,
        0
      ]
    },
    {
      "command": "vlt",
      "mean": 15.28371109084,
      "stddev": 0.7154415593209075,
      "median": 14.953716607839999,
      "user": 12.357505713333333,
      "system": 5.475767873333332,
      "min": 14.62038914984,
      "max": 16.27702751484,
      "times": [
        16.27702751484,
        14.953716607839999,
        14.62038914984
      ],
      "exit_codes": [
        0,
        0,
        0
      ]
    },
    {
      "command": "aws",
      "mean": 30.957758792173333,
      "stddev": 0.23556681644593033,
      "median": 30.99594643184,
      "user": 14.685828046666666,
      "system": 5.669120206666666,
      "min": 30.65205746084,
      "max": 31.225272483839998,
      "times": [
        31.225272483839998,
        30.99594643184,
        30.65205746084
      ],
      "exit_codes": [
        0,
        0,
        0
      ]
    },
    {
      "command": "github",
      "mean": 19.099527249506668,
      "stddev": 0.5504374778468203,
      "median": 18.86254763584,
      "user": 15.921078713333332,
      "system": 5.857022206666666,
      "min": 18.57587017084,
      "max": 19.86016394184,
      "times": [
        18.86254763584,
        19.86016394184,
        18.57587017084
      ],
      "exit_codes": [
        0,
        0,
        0
      ]
    }
  ]
}