{
  "results": [
    {
      "command": "npm",
      "mean": 6.8349506383200005,
      "stddev": 0.038889966979601065,
      "median": 6.851388940920001,
      "user": 6.013836620000001,
      "system": 3.19142244,
      "min": 6.78546059592,
      "max": 6.88059432792,
      "times": [
        6.88059432792,
        6.865260950920001,
        6.78546059592,
        6.79204837592,
        6.851388940920001
      ],
      "exit_codes": [
        0,
        0,
        0,
        0,
        0
      ]
    },
    {
      "command": "vlt",
      "mean": 6.77981009492,
      "stddev": 0.1040397026310042,
      "median": 6.77610886392,
      "user": 5.911210820000001,
      "system": 3.15308924,
      "min": 6.61091080392,
      "max": 6.936464168920001,
      "times": [
        6.936464168920001,
        6.8091490099200005,
        6.61091080392,
        6.77610886392,
        6.76641762792
      ],
      "exit_codes": [
        0,
        0,
        0,
        0,
        0
      ]
    },
    {
      "command": "aws",
      "mean": 6.98087723512,
      "stddev": 0.1452073578435586,
      "median": 6.9727043999200005,
      "user": 6.00335162,
      "system": 3.16414884,
      "min": 6.7523703069200005,
      "max": 7.136899538920001,
      "times": [
        7.134227865920001,
        7.136899538920001,
        6.9727043999200005,
        6.7523703069200005,
        6.90818406392
      ],
      "exit_codes": [
        0,
        0,
        0,
        0,
        0
      ]
    },
    {
      "command": "github",
      "mean": 7.17070303492,
      "stddev": 0.10795027966738296,
      "median": 7.16672992192,
      "user": 6.203407220000001,
      "system": 3.25205104,
      "min": 7.01272192592,
      "max": 7.33425229792,
      "times": [
        7.227101949920001,
        7.11270907892,
        7.16672992192,
        7.01272192592,
        7.33425229792
      ],
      "exit_codes": [
        0,
        0,
        0,
        0,
        0
      ]
    }
  ]
}