{
  "results": [
    {
      "command": "npm",
      "mean": 1.2355418103600002,
      "stddev": 0.011379722884293335,
      "median": 1.23524250616,
      "user": 1.2360672000000001,
      "system": 0.45880736000000005,
      "min": 1.22072803416,
      "max": 1.25296783116,
      "times": [
        1.24218315616,
        1.2265875241600002,
        1.25296783116,
        1.22072803416,
        1.23524250616
      ],
      "exit_codes": [
        0,
        0,
        0,
        0,
        0
      ]
    },
    {
      "command": "vlt",
      "mean": 1.69105421296,
      "stddev": 0.6352240990943085,
      "median": 1.19324614416,
      "user": 1.1748532,
      "system": 0.44434076000000006,
      "min": 1.15563536916,
      "max": 2.5899544241599997,
      "times": [
        1.19324614416,
        2.5899544241599997,
        1.15563536916,
        1.1811479631600001,
        2.33528716416
      ],
      "exit_codes": [
        0,
        0,
        0,
        0,
        0
      ]
    },
    {
      "command": "aws",
      "mean": 1.26938960556,
      "stddev": 0.017770892027217666,
      "median": 1.27601902516,
      "user": 1.18789,
      "system": 0.44752036000000006,
      "min": 1.23784258916,
      "max": 1.28905255716,
      "times": [
        1.2803662471600001,
        1.28905255716,
        1.23784258916,
        1.27601902516,
        1.26366760916
      ],
      "exit_codes": [
        0,
        0,
        0,
        0,
        0
      ]
    },
    {
      "command": "github",
      "mean": 1.3927842495600002,
      "stddev": 0.03943116773183599,
      "median": 1.3842238961600002,
      "user": 1.3855508,
      "system": 0.47572196,
      "min": 1.3481089831600002,
      "max": 1.46650388016,
      "times": [
        1.3842238961600002,
        1.37704021816,
        1.3481089831600002,
        1.3880442701600002,
        1.46650388016
      ],
      "exit_codes": [
        0,
        0,
        0,
        0,
        0
      ]
    }
  ]
}