{
  "results": [
    {
      "command": "npm",
      "mean": 4.3384171704,
      "stddev": 0.05261282734154265,
      "median": 4.3241289778,
      "user": 4.397666259999999,
      "system": 1.79542634,
      "min": 4.2819849398,
      "max": 4.4354658698,
      "times": [
        4.3437835448,
        4.4354658698,
        4.306722519799999,
        4.3241289778,
        4.2819849398
      ],
      "exit_codes": [
        0,
        0,
        0,
        0,
        0
      ]
    },
    {
      "command": "vlt",
      "mean": 4.2980880934,
      "stddev": 0.020561635425692823,
      "median": 4.3018199768,
      "user": 4.3586538599999995,
      "system": 1.7830763399999998,
      "min": 4.261905866799999,
      "max": 4.3203387118,
      "times": [
        4.261905866799999,
        4.3203387118,
        4.3142268997999995,
        4.292149011799999,
        4.3018199768
      ],
      "exit_codes": [
        0,
        0,
        0,
        0,
        0
      ]
    },
    {
      "command": "aws",
      "mean": 4.3817003042,
      "stddev": 0.07601435911866512,
      "median": 4.4090167158,
      "user": 4.25512026,
      "system": 1.79569674,
      "min": 4.2868406438,
      "max": 4.479342023799999,
      "times": [
        4.2989771887999995,
        4.479342023799999,
        4.2868406438,
        4.4343249488,
        4.4090167158
      ],
      "exit_codes": [
        0,
        0,
        0,
        0,
        0
      ]
    },
    {
      "command": "github",
      "mean": 4.7336874594000005,
      "stddev": 0.05340964448311723,
      "median": 4.7345202637999995,
      "user": 4.824529259999999,
      "system": 1.8252569399999998,
      "min": 4.6386499028,
      "max": 4.7981029648,
      "times": [
        4.6386499028,
        4.7307346328,
        4.7981029648,
        4.7345202637999995,
        4.766429532799999
      ],
      "exit_codes": [
        0,
        0,
        0,
        0,
        0
      ]
    }
  ]
}