{
  "results": [
    {
      "command": "npm",
      "mean": 3.67638624624,
      "stddev": 0.07319775557985636,
      "median": 3.71753163604,
      "user": 3.600874499999999,
      "system": 1.60036538,
      "min": 3.5433036750399998,
      "max": 3.74626935504,
      "times": [
        3.72101985404,
        3.65380671104,
        3.74626935504,
        3.71753163604,
        3.5433036750399998
      ],
      "exit_codes": [
        0,
        0,
        0,
        0,
        0
      ]
    },
    {
      "command": "vlt",
      "mean": 0,
      "stddev": 0,
      "median": 0,
      "user": 0,
      "system": 0,
      "min": 0,
      "max": 0,
      "times": [
        0
      ],
      "exit_codes": [
        1
      ]
    },
    {
      "command": "aws",
      "mean": 3.8007948404399996,
      "stddev": 0.08571689496670488,
      "median": 3.79577229504,
      "user": 3.5403051,
      "system": 1.53420998,
      "min": 3.68723515404,
      "max": 3.9192457850399998,
      "times": [
        3.9192457850399998,
        3.87080784704,
        3.79577229504,
        3.73091312104,
        3.68723515404
      ],
      "exit_codes": [
        0,
        0,
        0,
        0,
        0
      ]
    },
    {
      "command": "github",
      "mean": 4.744680698440001,
      "stddev": 0.2897143699344343,
      "median": 4.80196145104,
      "user": 3.9378434999999996,
      "system": 1.64691798,
      "min": 4.267237440040001,
      "max": 5.14389562904,
      "times": [
        5.14389562904,
        4.8752523000400005,
        4.267237440040001,
        4.63505667204,
        4.80196145104
      ],
      "exit_codes": [
        0,
        0,
        0,
        0,
        0
      ]
    }
  ]
}