{
  "results": [
    {
      "command": "npm",
      "mean": 35.88608831918,
      "stddev": 5.155143562356768,
      "median": 33.66501898458,
      "user": 11.62228956,
      "system": 3.06644272,
      "min": 32.02280742158,
      "max": 45.85021460358,
      "times": [
        35.70820110758,
        33.66501898458,
        45.85021460358,
        32.02280742158,
        32.18419947858
      ],
      "exit_codes": [
        0,
        0,
        0,
        0,
        0
      ]
    },
    {
      "command": "vlt",
      "mean": 12.689919466780001,
      "stddev": 0.15954643174632505,
      "median": 12.62735400458,
      "user": 7.0865573600000005,
      "system": 2.09913092,
      "min": 12.50450262158,
      "max": 12.92136650258,
      "times": [
        12.565377016580001,
        12.62735400458,
        12.50450262158,
        12.83099718858,
        12.92136650258
      ],
      "exit_codes": [
        0,
        0,
        0,
        0,
        0
      ]
    },
    {
      "command": "aws",
      "mean": 72.13405281217999,
      "stddev": 0.9869957661026092,
      "median": 71.93251446458,
      "user": 12.32840416,
      "system": 3.2670037200000004,
      "min": 70.93406137657999,
      "max": 73.73750628258,
      "times": [
        73.73750628258,
        72.66505474958,
        71.40112718757999,
        71.93251446458,
        70.93406137657999
      ],
      "exit_codes": [
        0,
        0,
        0,
        0,
        0
      ]
    },
    {
      "command": "github",
      "mean": 96.87642483097999,
      "stddev": 11.965293286180913,
      "median": 93.08760630158,
      "user": 13.40094916,
      "system": 3.67413392,
      "min": 86.35979409058,
      "max": 119.51813747358,
      "times": [
        119.51813747358,
        93.08760630158,
        86.35979409058,
        88.04499204758,
        97.37159424158
      ],
      "exit_codes": [
        0,
        0,
        0,
        0,
        0
      ]
    }
  ]
}