{
  "results": [
    {
      "command": "npm",
      "mean": 19.51456441978,
      "stddev": 1.662430222410865,
      "median": 18.679645896180002,
      "user": 11.172351879999999,
      "system": 3.0037218999999995,
      "min": 18.60152741518,
      "max": 22.83464371518,
      "times": [
        18.60152741518,
        18.84877849318,
        18.679645896180002,
        22.83464371518,
        18.608226579180002
      ],
      "exit_codes": [
        0,
        0,
        0,
        0,
        0
      ]
    },
    {
      "command": "vlt",
      "mean": 0,
      "stddev": 0,
      "median": 0,
      "user": 0,
      "system": 0,
      "min": 0,
      "max": 0,
      "times": [
        0
      ],
      "exit_codes": [
        1
      ]
    },
    {
      "command": "aws",
      "mean": 72.89531381358,
      "stddev": 0.3946038264517921,
      "median": 73.00594537018,
      "user": 12.367064079999999,
      "system": 3.2813099,
      "min": 72.18578946518,
      "max": 73.29605676218,
      "times": [
        73.00594537018,
        73.29605676218,
        73.19769904718,
        72.18578946518,
        72.79107842318
      ],
      "exit_codes": [
        0,
        0,
        0,
        0,
        0
      ]
    },
    {
      "command": "github",
      "mean": 83.33267231338,
      "stddev": 9.271992947223769,
      "median": 85.51193666318,
      "user": 13.390904879999999,
      "system": 3.6471536999999996,
      "min": 68.50038226018,
      "max": 96.72266270118,
      "times": [
        85.51193666318,
        96.72266270118,
        79.39068723018,
        68.50038226018,
        86.53769271218
      ],
      "exit_codes": [
        0,
        0,
        0,
        0,
        0
      ]
    }
  ]
}