{
  "results": [
    {
      "command": "npm",
      "mean": 3.6167907302000004,
      "stddev": 0.042750974706995674,
      "median": 3.6248716914,
      "user": 3.62382202,
      "system": 1.55016672,
      "min": 3.5391404834,
      "max": 3.6703177504,
      "times": [
        3.6248716914,
        3.6297891814,
        3.6198345444,
        3.6703177504,
        3.5391404834
      ],
      "exit_codes": [
        0,
        0,
        0,
        0,
        0
      ]
    },
    {
      "command": "vlt",
      "mean": 3.5161649253999996,
      "stddev": 0.07642849538668334,
      "median": 3.5078305064000004,
      "user": 3.4724316199999996,
      "system": 1.53368592,
      "min": 3.4179751634,
      "max": 3.6508449584,
      "times": [
        3.5078305064000004,
        3.4801690234000002,
        3.5240049754,
        3.4179751634,
        3.6508449584
      ],
      "exit_codes": [
        0,
        0,
        0,
        0,
        0
      ]
    },
    {
      "command": "aws",
      "mean": 4.4926543746,
      "stddev": 0.11385689996918189,
      "median": 4.4586169614,
      "user": 3.5151544199999996,
      "system": 1.55882792,
      "min": 4.3699208204,
      "max": 4.6584417014,
      "times": [
        4.6584417014,
        4.4586169614,
        4.3855089394,
        4.5907834504,
        4.3699208204
      ],
      "exit_codes": [
        0,
        0,
        0,
        0,
        0
      ]
    },
    {
      "command": "github",
      "mean": 5.3525036226,
      "stddev": 0.3458995765068251,
      "median": 5.1501963624,
      "user": 3.83177442,
      "system": 1.59227052,
      "min": 5.1118277124,
      "max": 6.0185300434,
      "times": [
        5.1166555624,
        6.0185300434,
        5.1501963624,
        5.3653084324,
        5.1118277124
      ],
      "exit_codes": [
        0,
        0,
        0,
        0,
        0
      ]
    }
  ]
}