{
  "results": [
    {
      "command": "npm",
      "mean": 107.78971783328,
      "stddev": 2.6961852513347204,
      "median": 107.42440891928,
      "user": 55.33665768666666,
      "system": 17.196189900000004,
      "min": 104.68542318627999,
      "max": 111.25932139428,
      "times": [
        111.25932139428,
        104.68542318627999,
        107.42440891928
      ],
      "exit_codes": [
        0,
        0,
        0
      ]
    },
    {
      "command": "vlt",
      "mean": 71.29863241161333,
      "stddev": 1.3478342951867242,
      "median": 71.96502471727999,
      "user": 40.38392002,
      "system": 15.397774566666667,
      "min": 69.41885069627999,
      "max": 72.51202182127999,
      "times": [
        72.51202182127999,
        69.41885069627999,
        71.96502471727999
      ],
      "exit_codes": [
        0,
        0,
        0
      ]
    },
    {
      "command": "aws",
      "mean": 237.76310518594667,
      "stddev": 6.188385417640476,
      "median": 239.19104026128,
      "user": 63.86171768666666,
      "system": 18.824680566666668,
      "min": 229.57150953628002,
      "max": 244.52676576028,
      "times": [
        229.57150953628002,
        244.52676576028,
        239.19104026128
      ],
      "exit_codes": [
        0,
        0,
        0
      ]
    },
    {
      "command": "github",
      "mean": 281.70130515328,
      "stddev": 0,
      "median": 281.70130515328,
      "user": 45.386460019999994,
      "system": 10.925008233333335,
      "min": 281.70130515328,
      "max": 281.70130515328,
      "times": [
        281.70130515328
      ],
      "exit_codes": [
        0
      ]
    }
  ]
}