{
  "results": [
    {
      "command": "npm",
      "mean": 28.71142126657333,
      "stddev": 0.21586871874251268,
      "median": 28.702115374239998,
      "user": 23.308103340000002,
      "system": 12.617388606666665,
      "min": 28.45181296724,
      "max": 28.98033545824,
      "times": [
        28.45181296724,
        28.98033545824,
        28.702115374239998
      ],
      "exit_codes": [
        0,
        0,
        0
      ]
    },
    {
      "command": "vlt",
      "mean": 0,
      "stddev": 0,
      "median": 0,
      "user": 0,
      "system": 0,
      "min": 0,
      "max": 0,
      "times": [
        0
      ],
      "exit_codes": [
        1
      ]
    },
    {
      "command": "aws",
      "mean": 29.244803095906665,
      "stddev": 0.42848953333136414,
      "median": 29.41422690824,
      "user": 23.226298006666667,
      "system": 12.656992273333332,
      "min": 28.65622950324,
      "max": 29.66395287624,
      "times": [
        29.41422690824,
        28.65622950324,
        29.66395287624
      ],
      "exit_codes": [
        0,
        0,
        0
      ]
    },
    {
      "command": "github",
      "mean": 0,
      "stddev": 0,
      "median": 0,
      "user": 0,
      "system": 0,
      "min": 0,
      "max": 0,
      "times": [
        0
      ],
      "exit_codes": [
        1
      ]
    }
  ]
}