{
  "results": [
    {
      "command": "npm",
      "mean": 19.31459335218,
      "stddev": 0.6220060252752408,
      "median": 19.53774046578,
      "user": 13.3688006,
      "system": 4.2170476,
      "min": 18.35991466978,
      "max": 20.16552612978,
      "times": [
        18.90701594478,
        20.16552612978,
        19.53774046578,
        18.35991466978,
        19.60276955078
      ],
      "exit_codes": [
        0,
        0,
        0,
        0,
        0
      ]
    },
    {
      "command": "vlt",
      "mean": 15.856504663179999,
      "stddev": 0.20628334944969665,
      "median": 15.871747017779999,
      "user": 10.343519,
      "system": 3.7130798,
      "min": 15.53845020378,
      "max": 16.18159478578,
      "times": [
        16.18159478578,
        15.53845020378,
        15.871747017779999,
        15.89752593578,
        15.79320537278
      ],
      "exit_codes": [
        0,
        0,
        0,
        0,
        0
      ]
    },
    {
      "command": "aws",
      "mean": 65.28064862997999,
      "stddev": 0.6616191746985018,
      "median": 65.22505317778,
      "user": 14.312427200000002,
      "system": 4.4258714,
      "min": 64.63821057978,
      "max": 66.47770974078,
      "times": [
        64.63821057978,
        66.47770974078,
        65.35932118977999,
        65.22505317778,
        64.70294846178
      ],
      "exit_codes": [
        0,
        0,
        0,
        0,
        0
      ]
    },
    {
      "command": "github",
      "mean": 120.32318254137999,
      "stddev": 13.081672336121459,
      "median": 128.18687604378002,
      "user": 15.4650316,
      "system": 4.7620358000000005,
      "min": 102.46461669978,
      "max": 134.60542566978,
      "times": [
        106.74027813478,
        129.61871615878002,
        102.46461669978,
        128.18687604378002,
        134.60542566978
      ],
      "exit_codes": [
        0,
        0,
        0,
        0,
        0
      ]
    }
  ]
}