{
  "results": [
    {
      "command": "npm",
      "mean": 7.219500331080001,
      "stddev": 0.0921359844836195,
      "median": 7.21280730368,
      "user": 6.40829838,
      "system": 3.24317266,
      "min": 7.100699968680001,
      "max": 7.32945958568,
      "times": [
        7.32945958568,
        7.100699968680001,
        7.31692001468,
        7.13761478268,
        7.21280730368
      ],
      "exit_codes": [
        0,
        0,
        0,
        0,
        0
      ]
    },
    {
      "command": "vlt",
      "mean": 7.105550632080001,
      "stddev": 0.09524103170693872,
      "median": 7.05770093268,
      "user": 6.258219779999999,
      "system": 3.26176166,
      "min": 7.01357406468,
      "max": 7.24459207568,
      "times": [
        7.0185583856800005,
        7.05770093268,
        7.01357406468,
        7.19332770168,
        7.24459207568
      ],
      "exit_codes": [
        0,
        0,
        0,
        0,
        0
      ]
    },
    {
      "command": "aws",
      "mean": 7.784717774479999,
      "stddev": 0.14246828615925156,
      "median": 7.733263073680001,
      "user": 6.49908418,
      "system": 3.25893606,
      "min": 7.59537095868,
      "max": 8.013387161679999,
      "times": [
        8.013387161679999,
        7.59537095868,
        7.86366379868,
        7.733263073680001,
        7.717903879680001
      ],
      "exit_codes": [
        0,
        0,
        0,
        0,
        0
      ]
    },
    {
      "command": "github",
      "mean": 8.228925310880001,
      "stddev": 0.5972693033086847,
      "median": 7.9505956086800005,
      "user": 6.7968867799999995,
      "system": 3.2782470599999995,
      "min": 7.765672798680001,
      "max": 9.402184330679999,
      "times": [
        9.402184330679999,
        7.765672798680001,
        8.117666137679999,
        7.90850767868,
        7.9505956086800005
      ],
      "exit_codes": [
        0,
        0,
        0,
        0,
        0
      ]
    }
  ]
}