{
  "results": [
    {
      "command": "npm",
      "mean": 1.3272576624,
      "stddev": 0.014677431499211335,
      "median": 1.3188678200000001,
      "user": 1.3178495800000003,
      "system": 0.48211325999999993,
      "min": 1.3140904370000002,
      "max": 1.3517720380000002,
      "times": [
        1.336457076,
        1.3188678200000001,
        1.315100941,
        1.3517720380000002,
        1.3140904370000002
      ],
      "exit_codes": [
        0,
        0,
        0,
        0,
        0
      ]
    },
    {
      "command": "vlt",
      "mean": 0,
      "stddev": 0,
      "median": 0,
      "user": 0,
      "system": 0,
      "min": 0,
      "max": 0,
      "times": [
        0
      ],
      "exit_codes": [
        1
      ]
    },
    {
      "command": "aws",
      "mean": 1.6085222546,
      "stddev": 0.08100343809808211,
      "median": 1.571271816,
      "user": 1.25450458,
      "system": 0.43937966,
      "min": 1.5308909460000002,
      "max": 1.7600325120000002,
      "times": [
        1.7600325120000002,
        1.619934988,
        1.571271816,
        1.5308909460000002,
        1.560481011
      ],
      "exit_codes": [
        0,
        0,
        0,
        0,
        0
      ]
    },
    {
      "command": "github",
      "mean": 1.5649783316,
      "stddev": 0.00487388581599408,
      "median": 1.5640382640000001,
      "user": 1.3773953799999998,
      "system": 0.47084866000000003,
      "min": 1.557134425,
      "max": 1.571375452,
      "times": [
        1.5686808950000002,
        1.5640382640000001,
        1.571375452,
        1.563662622,
        1.557134425
      ],
      "exit_codes": [
        0,
        0,
        0,
        0,
        0
      ]
    }
  ]
}