{
  "results": [
    {
      "command": "npm",
      "mean": 1.4183105547800001,
      "stddev": 0.024137275864306324,
      "median": 1.4242240665800001,
      "user": 1.4394102999999998,
      "system": 0.50831394,
      "min": 1.38562050458,
      "max": 1.4442218555800002,
      "times": [
        1.4442218555800002,
        1.38562050458,
        1.3948929995800001,
        1.4242240665800001,
        1.4425933475800001
      ],
      "exit_codes": [
        0,
        0,
        0,
        0,
        0
      ]
    },
    {
      "command": "vlt",
      "mean": 1.5724726801800002,
      "stddev": 0.48493253523402463,
      "median": 1.33109989358,
      "user": 1.3375812999999999,
      "system": 0.47419794,
      "min": 1.30620883258,
      "max": 2.54149028358,
      "times": [
        1.30620883258,
        1.33109989358,
        2.54149028358,
        1.3663712675800002,
        1.31719312358
      ],
      "exit_codes": [
        0,
        0,
        0,
        0,
        0
      ]
    },
    {
      "command": "aws",
      "mean": 1.4216726207800001,
      "stddev": 0.064811604956019,
      "median": 1.39390929458,
      "user": 1.3704153,
      "system": 0.48414553999999993,
      "min": 1.35732772858,
      "max": 1.54533599358,
      "times": [
        1.41816613958,
        1.39390929458,
        1.54533599358,
        1.35732772858,
        1.39362394758
      ],
      "exit_codes": [
        0,
        0,
        0,
        0,
        0
      ]
    },
    {
      "command": "github",
      "mean": 1.8977903785800003,
      "stddev": 0.4367332398783753,
      "median": 1.70159110758,
      "user": 1.5229604999999997,
      "system": 0.51961274,
      "min": 1.58716057658,
      "max": 2.7642809095799996,
      "times": [
        2.7642809095799996,
        1.75802561858,
        1.70159110758,
        1.6778936805800002,
        1.58716057658
      ],
      "exit_codes": [
        0,
        0,
        0,
        0,
        0
      ]
    }
  ]
}