{
  "results": [
    {
      "command": "npm",
      "mean": 20.3363770629,
      "stddev": 0.4794247931569203,
      "median": 20.1391774119,
      "user": 12.255158040000001,
      "system": 3.1100901599999995,
      "min": 19.781066613900002,
      "max": 20.9912871139,
      "times": [
        19.9560423739,
        20.1391774119,
        20.9912871139,
        20.8143118009,
        19.781066613900002
      ],
      "exit_codes": [
        0,
        0,
        0,
        0,
        0
      ]
    },
    {
      "command": "vlt",
      "mean": 0,
      "stddev": 0,
      "median": 0,
      "user": 0,
      "system": 0,
      "min": 0,
      "max": 0,
      "times": [
        0
      ],
      "exit_codes": [
        1
      ]
    },
    {
      "command": "aws",
      "mean": 91.0374268817,
      "stddev": 0.9004865889578711,
      "median": 90.8988980659,
      "user": 15.817609240000001,
      "system": 3.9085963599999998,
      "min": 89.9509360309,
      "max": 92.2552714659,
      "times": [
        90.8988980659,
        89.9509360309,
        91.8691317789,
        90.2128970669,
        92.2552714659
      ],
      "exit_codes": [
        0,
        0,
        0,
        0,
        0
      ]
    },
    {
      "command": "github",
      "mean": 139.09079964769998,
      "stddev": 19.00113021853996,
      "median": 140.5015223539,
      "user": 16.41413284,
      "system": 4.368866559999999,
      "min": 108.3644042769,
      "max": 158.75184895889998,
      "times": [
        129.3244397369,
        158.51178291189999,
        140.5015223539,
        108.3644042769,
        158.75184895889998
      ],
      "exit_codes": [
        0,
        0,
        0,
        0,
        0
      ]
    }
  ]
}